ID	Baso	Bmem	Bnv	CD4Tmem	CD4Tnv	CD8Tmem	CD8Tnv	Eos	Mono	NK	Neu	Treg
cg21782213	0.92949839	0.96153973	0.9595839	0.7729825	0.20829164	0.90856732	0.8963231	0.93511541	0.94224094	0.93302444	0.9366568	0.88422849
cg10168351	0.92625715	0.97715029	0.9762167	0.9044437	0.43562804	0.96996966	0.97001085	0.94302475	0.96789526	0.96429545	0.96605138	0.97144197
cg03156020	0.86780931	0.92791225	0.95803196	0.5040494	0.16952948	0.74468952	0.64575359	0.94974031	0.95196984	0.94548227	0.95541108	0.81161036
cg17537714	0.91997804	0.94892365	0.9548391	0.914937	0.32879396	0.95035855	0.6934821	0.95307892	0.93469703	0.89901373	0.93154298	0.93476067
cg13745692	0.93219582	0.92399147	0.83289467	0.6497312	0.22184412	0.93000071	0.87173232	0.92181583	0.93395658	0.93335676	0.91784247	0.70192139
cg04200580	0.92336623	0.95792077	0.97052938	0.7170418	0.37797092	0.92936315	0.76589832	0.94835029	0.96625556	0.88325038	0.94830069	0.82761083
cg15667493	0.86563295	0.91949944	0.93247844	0.7287983	0.30173951	0.82202584	0.6544454	0.91681531	0.90943371	0.86223889	0.87044809	0.85635131
cg21936454	0.96859539	0.9730083	0.97836907	0.9402058	0.39746658	0.96255994	0.83120346	0.97949465	0.96043863	0.88153343	0.94045654	0.95013321
cg15163862	0.91035439	0.92147825	0.90868173	0.777494	0.35572808	0.89963551	0.78690084	0.9399748	0.91986149	0.90524139	0.90904803	0.8279834
cg19792189	0.97179667	0.97269732	0.98435163	0.5263366	0.13593809	0.57215448	0.43848346	0.98377083	0.96680747	0.96521929	0.96365264	0.72729667
cg10161198	0.97237244	0.97534317	0.96319576	0.9390112	0.52118518	0.98373352	0.96244877	0.96000327	0.95459236	0.97499893	0.97033109	0.97073067
cg19111287	0.951501	0.95514105	0.94401183	0.7307275	0.4533199	0.87806266	0.88994059	0.88105063	0.88584332	0.92818441	0.7693111	0.93034015
cg05676874	0.91382791	0.86711409	0.97105267	0.5828111	0.261882	0.60806405	0.71577615	0.90673995	0.96137023	0.79583412	0.93805484	0.57859551
cg03132824	0.92651359	0.93601131	0.92484217	0.747876	0.4027671	0.93396295	0.94000296	0.92904568	0.92307692	0.93290404	0.92077115	0.92707446
cg17518643	0.94041795	0.96415121	0.95788091	0.5083682	0.17608594	0.83353935	0.68388234	0.52674609	0.90127995	0.89671913	0.88286789	0.58528444
cg09119854	0.89815173	0.88535894	0.899854	0.8856931	0.44927127	0.89392131	0.83553857	0.91428555	0.88370628	0.90379027	0.87650677	0.89549554
cg11778706	0.96518483	0.97471693	0.96236844	0.8938359	0.47486403	0.94895943	0.84092113	0.9726675	0.97285256	0.96730949	0.9694863	0.94370514
cg04887735	0.94872928	0.94003584	0.93078326	0.9282651	0.43220318	0.94504441	0.69024797	0.95369139	0.94037469	0.93848442	0.93549542	0.95899952
cg22324641	0.94922592	0.95954843	0.96143966	0.6280957	0.3887255	0.9421977	0.93045114	0.95654443	0.94862796	0.94914073	0.94499189	0.67536104
cg08842268	0.90487299	0.98118884	0.95749178	0.9170783	0.63912719	0.97007806	0.93574343	0.91344288	0.9477819	0.91952509	0.94242878	0.88700279
cg09438865	0.88639534	0.89385049	0.84155156	0.807161	0.38309881	0.90934723	0.74763917	0.83408852	0.86178272	0.87612304	0.87806066	0.74875147
cg08486432	0.90486971	0.94189462	0.91028233	0.7803743	0.36316333	0.91204994	0.72541587	0.91967478	0.9045015	0.92410979	0.91358087	0.80494688
cg04625250	0.80915884	0.87664957	0.90200789	0.7135563	0.30742012	0.85447218	0.75157615	0.82118614	0.94139628	0.92049653	0.91442745	0.56956312
cg08452021	0.86343411	0.65727046	0.93662062	0.5965594	0.20972862	0.60363049	0.47537109	0.8794155	0.92243679	0.85776053	0.90899425	0.59949344
cg20213624	0.85688739	0.95059424	0.95595581	0.6208238	0.34252217	0.64275713	0.65854083	0.94041342	0.93905867	0.9182273	0.93925541	0.95741241
cg02690807	0.94928724	0.95568552	0.96141179	0.9048408	0.57319662	0.93377005	0.92602233	0.93947905	0.9372435	0.93180897	0.9413507	0.8318761
cg22344918	0.89073805	0.90230815	0.90391657	0.528149	0.22274205	0.72802695	0.50570519	0.91031286	0.9197845	0.89138957	0.89449536	0.59815925
cg18578898	0.9059401	0.94909426	0.94281449	0.9150861	0.5921088	0.93497232	0.84006243	0.92286781	0.92032666	0.93635145	0.86469596	0.86898843
cg19311567	0.97790747	0.97361752	0.97743799	0.955012	0.69647328	0.95233564	0.94668891	0.96931337	0.96316872	0.94114289	0.95612601	0.98174587
cg16375820	0.92518063	0.95867364	0.93852989	0.6146547	0.18525459	0.96547981	0.49915513	0.93194571	0.91707043	0.92877014	0.94134876	0.65178202
cg08662013	0.96420488	0.92500949	0.97716165	0.7367493	0.42292015	0.84598508	0.91136176	0.95312363	0.96938717	0.9319174	0.94789928	0.77893315
cg11523325	0.94489309	0.93840602	0.95916528	0.9668296	0.58518021	0.97647659	0.83291588	0.96792292	0.96064112	0.9601315	0.94616692	0.96405651
cg21092682	0.90541575	0.92726288	0.92121922	0.643632	0.37549865	0.84327824	0.89446693	0.83745981	0.92016117	0.90416647	0.90765981	0.72785456
cg23990235	0.94584423	0.9625686	0.94789047	0.9289575	0.64872451	0.94566902	0.8761815	0.94245735	0.95965882	0.94092716	0.93556798	0.92522916
cg24160371	0.97071644	0.98042852	0.97662412	0.8224414	0.47913074	0.9353058	0.94709803	0.97590637	0.96685865	0.95666713	0.96177111	0.9581995
cg01778017	0.97820499	0.97960458	0.97841623	0.9284941	0.2101413	0.93299447	0.54112134	0.98300417	0.96698203	0.94075729	0.96889134	0.9669689
cg05931551	0.95704068	0.85872402	0.9616364	0.6212285	0.29860455	0.80243591	0.7727944	0.94722647	0.94638634	0.94967871	0.94408883	0.6784291
cg03888645	0.93189776	0.96871139	0.96682131	0.9651396	0.70140603	0.96524612	0.95006712	0.986859	0.96934205	0.96690188	0.96762173	0.96344221
cg21664107	0.45488445	0.77370345	0.762899	0.5380831	0.07662612	0.65206043	0.34294616	0.59766273	0.67639689	0.7257302	0.64053002	0.54249612
cg06338239	0.92783958	0.94900718	0.95279171	0.7204484	0.3736829	0.92696383	0.60145721	0.95321565	0.91831272	0.94122597	0.93228499	0.86073066
cg01999608	0.69652781	0.96113675	0.95834231	0.6783709	0.44397553	0.92128082	0.78626476	0.93900209	0.95166859	0.95223788	0.9335917	0.81450379
cg08483099	0.86398119	0.87383456	0.94419393	0.3073017	0.03103603	0.48961928	0.25125083	0.88579614	0.93097038	0.93229741	0.91023335	0.37659441
cg23705316	0.70183031	0.95738361	0.95530386	0.5847401	0.34535904	0.94274482	0.79291089	0.9099515	0.95084665	0.95623638	0.95189867	0.74904527
cg11037382	0.9134036	0.8821907	0.94025957	0.7707464	0.40327059	0.86319328	0.61658711	0.87154625	0.91416464	0.89537367	0.90050786	0.71119668
cg11840035	0.95351235	0.95119433	0.94509102	0.884532	0.41707239	0.89364306	0.67430119	0.95935269	0.9562607	0.92451992	0.95382026	0.90242003
cg21747310	0.81331139	0.94816276	0.91082473	0.2556811	0.04313657	0.41365809	0.28304335	0.90276452	0.89552526	0.77371576	0.84534292	0.28792577
cg20290061	0.77638774	0.93328245	0.88047378	0.7100443	0.36905715	0.91331556	0.65900407	0.83588647	0.85371586	0.82994366	0.85399517	0.80478022
cg07728865	0.9433421	0.89218724	0.96879351	0.3253046	0.06529627	0.76315502	0.25505281	0.93800893	0.95073863	0.81780504	0.91666893	0.43271786
cg19084822	0.83896862	0.79230192	0.89449313	0.6824943	0.19372972	0.74939946	0.38462049	0.67248693	0.87481728	0.75791443	0.77204702	0.66158417
cg03340102	0.41929652	0.46165551	0.4073004	0.3271922	0.09221134	0.37591045	0.33547776	0.36903694	0.42662692	0.46790026	0.40265454	0.26740487
cg03370360	0.11502624	0.97290995	0.97220144	0.9764714	0.98090719	0.98352527	0.97293481	0.98253223	0.96275347	0.95979407	0.96695781	0.98423085
cg04763150	0.06055157	0.95885424	0.9706645	0.9482015	0.95561636	0.93925818	0.95345629	0.92558344	0.95098968	0.95617309	0.946724	0.9491752
cg11892665	0.05708819	0.98351091	0.98604036	0.9741977	0.97451284	0.98125283	0.97960971	0.95688324	0.97172439	0.96678504	0.97451296	0.95500614
cg21081729	0.04598591	0.94742077	0.96790814	0.9826936	0.98204163	0.96209906	0.98127077	0.89743324	0.9653703	0.9491761	0.95597239	0.96177611
cg24796422	0.04526286	0.97318424	0.9748192	0.9608125	0.95044977	0.95534501	0.96501683	0.92760666	0.95155662	0.93916017	0.94868858	0.957436
cg05847670	0.18799204	0.96675611	0.97552646	0.9796433	0.97342277	0.95777173	0.9676232	0.9322829	0.96307259	0.95584804	0.95533874	0.96787797
cg00597139	0.10969055	0.98329068	0.99512656	0.988227	0.99343281	0.98723637	0.99073479	0.96504926	0.97756297	0.97746064	0.98229233	0.9872306
cg12087639	0.05994007	0.98228965	0.98395558	0.9850106	0.975389	0.97534404	0.96907375	0.94036338	0.96961503	0.95705228	0.96830451	0.98214252
cg24791846	0.07804701	0.97519826	0.9741496	0.9769586	0.97336824	0.97291615	0.96651122	0.94732643	0.95478898	0.95978981	0.95132884	0.97384331
cg01453386	0.06765672	0.98927061	0.98369816	0.9852301	0.98643877	0.98833293	0.9901178	0.93019241	0.97255492	0.97717032	0.97622039	0.98096307
cg14924828	0.21796932	0.95859879	0.96812128	0.9560426	0.9584461	0.90945464	0.95899218	0.91876691	0.9579322	0.92277833	0.95905844	0.92152931
cg17890852	0.09674874	0.97642347	0.98675268	0.9706649	0.98600017	0.97047999	0.98424629	0.92157045	0.97916822	0.96803316	0.96123602	0.96546984
cg07896398	0.18986915	0.96876011	0.96984442	0.9367495	0.94762502	0.95223222	0.94529377	0.8722651	0.95124712	0.94485435	0.91355565	0.94368572
cg00351957	0.071875	0.97833698	0.98667807	0.9586144	0.9833227	0.95409354	0.98293834	0.91029391	0.97836972	0.96371021	0.96430373	0.95729526
cg25340205	0.04153231	0.97877021	0.96675114	0.9786461	0.97310521	0.98032719	0.98510216	0.89983022	0.97174529	0.97055529	0.96971035	0.98292933
cg02329886	0.06939207	0.96960209	0.97786089	0.9634844	0.94617682	0.95400694	0.96618669	0.93265779	0.95557272	0.95545473	0.94514775	0.95277739
cg21542081	0.15853272	0.97933659	0.98176381	0.9683713	0.97676919	0.97884592	0.97375528	0.96932377	0.96339783	0.971147	0.96792813	0.98118933
cg06658453	0.04801127	0.96224659	0.96343418	0.9564117	0.96370184	0.94191757	0.95487126	0.88169983	0.94929565	0.95170451	0.93909023	0.95188109
cg08765214	0.1467322	0.9840079	0.98196047	0.9691009	0.97474995	0.96099991	0.96887092	0.87534116	0.96219502	0.95255041	0.95540969	0.96221679
cg11294011	0.17884934	0.94694952	0.93244839	0.9316644	0.92337872	0.92260252	0.93072529	0.90801865	0.92579207	0.90852468	0.92542048	0.89612309
cg03227316	0.04913899	0.987692	0.98886654	0.9851126	0.98506817	0.98071175	0.98851041	0.94449439	0.97130301	0.97180588	0.97154963	0.98572704
cg23639055	0.072676	0.9565227	0.95723527	0.9457357	0.94499699	0.93564054	0.93905367	0.86735959	0.93730479	0.93749302	0.93101662	0.94520507
cg25422758	0.28116212	0.96170056	0.97595091	0.9575282	0.96507111	0.94805675	0.95852578	0.95873349	0.96253909	0.95413303	0.96689605	0.95235191
cg04500050	0.10879944	0.97787409	0.97010393	0.9835987	0.97207712	0.97527515	0.97751131	0.94917252	0.97767227	0.96439989	0.96823229	0.98619646
cg15116227	0.2273294	0.97890619	0.97781434	0.9731909	0.95962465	0.96773219	0.95933249	0.94047821	0.96520414	0.95974602	0.95618127	0.97663633
cg09629758	0.12308128	0.97344383	0.98254792	0.9674704	0.98513703	0.96044339	0.98201094	0.95205243	0.95385089	0.94318038	0.97376625	0.94158399
cg02863748	0.24320282	0.96626066	0.97083677	0.9569998	0.9577159	0.94663457	0.94798516	0.9437661	0.95237735	0.94476379	0.94391225	0.96832889
cg03759549	0.05089501	0.92607869	0.97397731	0.9568792	0.97617931	0.95112561	0.95618351	0.87641571	0.94106921	0.95104461	0.93587552	0.95875473
cg25269402	0.0956481	0.97766983	0.97104641	0.9653518	0.97687119	0.95687947	0.97509546	0.92176018	0.97115459	0.96255611	0.95953664	0.9752439
cg08446606	0.05410001	0.96834601	0.97653918	0.9657483	0.9555719	0.95961884	0.91180403	0.82199043	0.96357864	0.944453	0.95285625	0.96505459
cg19188904	0.12774946	0.97472916	0.97083837	0.9750943	0.9672849	0.97104466	0.96891163	0.89943335	0.94639385	0.96587639	0.93667105	0.9706712
cg09622285	0.19314998	0.95820652	0.97359478	0.9457916	0.96744575	0.94567138	0.96494292	0.92332729	0.95179573	0.94678688	0.96219174	0.94403397
cg26673070	0.0614515	0.96326046	0.98333876	0.9725894	0.97865159	0.97851617	0.98059247	0.84837325	0.97120696	0.96995529	0.96474103	0.97114808
cg04988216	0.1450601	0.98505861	0.98192474	0.9821209	0.98963374	0.97790421	0.9827071	0.96040509	0.9696017	0.96706402	0.97380551	0.9894868
cg21585800	0.14122348	0.9683604	0.9760295	0.9327879	0.97304975	0.90204334	0.97096026	0.92670192	0.95766733	0.94049706	0.93730573	0.95642107
cg09940675	0.06958445	0.84239717	0.94704608	0.9025347	0.8778885	0.88818336	0.89854252	0.89331665	0.93210407	0.83859669	0.9107488	0.86073567
cg14257017	0.08937324	0.96220053	0.96766105	0.9650906	0.9683891	0.95239975	0.96581459	0.90741186	0.96025985	0.95423031	0.95649112	0.9549748
cg15192986	0.10277124	0.96177134	0.96130581	0.9675435	0.95295217	0.95864169	0.95016671	0.90757752	0.94354356	0.94745117	0.94183902	0.96830003
cg14940779	0.22967064	0.98871344	0.98707771	0.9843666	0.9739094	0.98436052	0.97480914	0.93487254	0.9781551	0.9732225	0.97209632	0.98473957
cg17581877	0.09485505	0.96592956	0.96324029	0.9493399	0.94431999	0.96322177	0.95759772	0.81058011	0.92367998	0.93231497	0.91963714	0.95115198
cg11985063	0.16633325	0.98476821	0.97938736	0.9797908	0.98653768	0.9801843	0.98332569	0.93429023	0.97598084	0.97552884	0.9758962	0.98721761
cg05690666	0.07447894	0.97144193	0.97224003	0.9643641	0.97371819	0.95597575	0.96963777	0.966251	0.96698679	0.90042962	0.95723426	0.96298792
cg20412398	0.35290281	0.97654692	0.96368471	0.978513	0.97227521	0.97669988	0.98229412	0.97717256	0.97195717	0.96837955	0.96480716	0.98294665
cg19867897	0.13872998	0.91130244	0.92188714	0.8693239	0.91779633	0.88745844	0.93800083	0.84694437	0.91613503	0.88374824	0.91044954	0.90794092
cg23033014	0.19951704	0.97694451	0.96910851	0.9585199	0.95985162	0.95575761	0.9467887	0.96667044	0.97187883	0.96445098	0.96471964	0.90614347
cg03445419	0.22243843	0.97976703	0.95764516	0.9630911	0.97140628	0.97001641	0.9625925	0.94394221	0.97067554	0.95607238	0.96066972	0.91864649
cg17301153	0.24007542	0.93136355	0.96094554	0.9541298	0.96839741	0.96375653	0.96914379	0.96288309	0.95850995	0.95186286	0.95171052	0.953039
cg04293820	0.17794013	0.95959628	0.95971227	0.9607001	0.9410208	0.96324606	0.93986176	0.92174913	0.94940482	0.95178209	0.93471486	0.97200206
cg14030593	0.19246172	0.98365944	0.98679093	0.9825294	0.9747776	0.97918924	0.97790766	0.93953949	0.97663774	0.97338679	0.97458127	0.98171555
cg26676468	0.17876061	0.97395275	0.966433	0.976916	0.97378768	0.97873178	0.96682265	0.9412	0.96563211	0.94787877	0.95725509	0.98641355
cg03984633	0.95512741	0.94671449	0.97316163	0.5570564	0.95234496	0.86802862	0.93497735	0.97212608	0.96943477	0.94302538	0.95791665	0.89949757
cg25437005	0.91916025	0.86984749	0.90417898	0.3633144	0.7985162	0.69680212	0.84046163	0.88917858	0.89095981	0.84644153	0.88042445	0.79251927
cg19811231	0.96332249	0.8603628	0.97253801	0.3712472	0.83051774	0.72025605	0.9664319	0.93884715	0.92433225	0.94768717	0.90983393	0.8449095
cg26304744	0.94825971	0.98027904	0.96787962	0.6065791	0.93849622	0.91278739	0.94373893	0.96652255	0.95518554	0.96295224	0.94374096	0.90151154
cg27572854	0.91700996	0.9000396	0.90134014	0.3739021	0.80728293	0.68094871	0.88976593	0.90123672	0.89081645	0.89028725	0.88173275	0.80001347
cg22619531	0.97623543	0.96173208	0.96573135	0.4653728	0.90902634	0.77137649	0.94079519	0.97023303	0.9466739	0.9211788	0.96127104	0.83851571
cg09031281	0.96147276	0.95295874	0.96679375	0.5274095	0.93762104	0.92067102	0.96095025	0.98127963	0.98013962	0.96565632	0.96375095	0.78273514
cg00783080	0.95258825	0.93935755	0.92387796	0.574922	0.88522018	0.92119284	0.94857503	0.93841361	0.93689368	0.94937054	0.92064828	0.82166033
cg00949794	0.97220914	0.88964699	0.96536098	0.2479548	0.64378154	0.6004197	0.85075344	0.97161633	0.96810687	0.94225328	0.9666817	0.46619305
cg09766370	0.85138258	0.9637643	0.96704499	0.5161292	0.93541386	0.79593045	0.91584109	0.94112317	0.95401307	0.93667073	0.93953591	0.90847016
cg27359629	0.92576611	0.86884062	0.96066062	0.1392558	0.6898716	0.53476553	0.52406095	0.9292321	0.90062781	0.84723033	0.91061442	0.4075339
cg05401393	0.97773197	0.78000226	0.94676406	0.4677908	0.94315693	0.78776784	0.92073167	0.97183588	0.95974077	0.96211332	0.95889057	0.7608933
cg08012294	0.92476466	0.95740563	0.96514854	0.3739649	0.83478092	0.93116442	0.94981282	0.97556726	0.9241654	0.9565038	0.95114791	0.59842838
cg04062032	0.94775549	0.90451538	0.95911561	0.1404576	0.91528593	0.52174482	0.84396614	0.95536966	0.93774347	0.92376624	0.94455582	0.36479388
cg11887733	0.94147624	0.85347741	0.94514975	0.3502241	0.59077254	0.66218237	0.86506597	0.94918182	0.94131435	0.93314584	0.93861567	0.65685564
cg03252427	0.98215127	0.95902799	0.97941093	0.6361815	0.96546221	0.89791444	0.94721695	0.98170336	0.96338016	0.95322687	0.96172176	0.91206904
cg12497611	0.9642565	0.9621356	0.97879318	0.6626717	0.97573333	0.92121243	0.96973977	0.96843279	0.96269963	0.95007715	0.9568639	0.89032847
cg06527889	0.95949016	0.9721406	0.9753332	0.4980128	0.7477672	0.9465719	0.93406316	0.96783517	0.96532818	0.96888146	0.96098578	0.80446312
cg13641221	0.97091168	0.97919432	0.97856399	0.7057742	0.94710574	0.95800569	0.96263649	0.97018368	0.96302359	0.95522481	0.96473909	0.95226188
cg12733242	0.9170308	0.93652148	0.94425589	0.4362171	0.81321791	0.6727303	0.74324699	0.89800574	0.93286001	0.91928254	0.86725326	0.71911917
cg18409707	0.9098564	0.68461435	0.93442232	0.4082728	0.72980878	0.72466859	0.92993054	0.87905028	0.87844602	0.91307686	0.87899019	0.64571098
cg02038353	0.98191112	0.86419645	0.97002641	0.5240995	0.96745074	0.94434173	0.96979068	0.97096436	0.97095589	0.97730182	0.97445056	0.84715479
cg12047375	0.97565832	0.90738022	0.96077899	0.1631593	0.47952387	0.5509622	0.8852298	0.98599722	0.96059762	0.86603107	0.9727789	0.37965259
cg03565732	0.9501424	0.95028833	0.97887878	0.5325273	0.85335229	0.76252487	0.93324344	0.85452183	0.89783993	0.94420696	0.74620014	0.73884877
cg18001026	0.96548126	0.97903829	0.9852007	0.6767619	0.96837364	0.85246152	0.95370545	0.94983428	0.93210301	0.95558628	0.92625351	0.95943275
cg23777479	0.89017296	0.93070776	0.89131874	0.2653949	0.9121118	0.58129461	0.8933088	0.81852389	0.86007397	0.81187249	0.6296577	0.4470698
cg15149205	0.96729592	0.9582426	0.96892205	0.5806234	0.93794827	0.89265959	0.94159012	0.97121424	0.95283634	0.94461539	0.95493853	0.81812622
cg22936341	0.95008283	0.96933855	0.95896704	0.697642	0.93404628	0.95064506	0.95922854	0.94808072	0.95541093	0.96161236	0.94219633	0.85780897
cg07627628	0.96948548	0.96882257	0.96714493	0.2506646	0.60537413	0.50806227	0.6462944	0.96903472	0.96556779	0.93888015	0.94434373	0.43461571
cg04383721	0.97077768	0.97721799	0.96633631	0.6697014	0.85325156	0.89814107	0.96662736	0.97582541	0.95264212	0.96567524	0.96205206	0.90235932
cg05596912	0.94581821	0.94215839	0.93918017	0.581036	0.9315402	0.94524721	0.96325212	0.94456929	0.94629847	0.92635728	0.93554012	0.81936346
cg02501773	0.97972413	0.96488936	0.98045566	0.6856524	0.9364266	0.92547635	0.93784538	0.96761637	0.97014789	0.92719013	0.96393472	0.84041272
cg15569739	0.97500288	0.95274607	0.97571631	0.7619246	0.98223458	0.92201583	0.9616316	0.96817393	0.97513861	0.95756196	0.96642279	0.92413268
cg24379742	0.93018014	0.85835617	0.96018678	0.2976609	0.85236286	0.47342097	0.84967506	0.95249259	0.93860022	0.87207053	0.92796934	0.48608717
cg00944599	0.92757715	0.80081293	0.92071626	0.1806488	0.8013245	0.56289093	0.84093513	0.80883209	0.9093913	0.90935174	0.88546537	0.34437543
cg15001636	0.83784981	0.89873847	0.91616574	0.4355019	0.58588957	0.68907831	0.74916911	0.83641475	0.88753768	0.87729983	0.80866288	0.61271972
cg13680246	0.96044111	0.92099117	0.93560045	0.6055452	0.92747106	0.86976021	0.92220373	0.96576285	0.95397584	0.95226424	0.93936401	0.75804722
cg12761472	0.80468277	0.79287853	0.81491038	0.3951236	0.66471848	0.62766905	0.61004642	0.90220791	0.86089747	0.67588446	0.83757628	0.61430815
cg19436514	0.96414103	0.94690214	0.98539811	0.3510789	0.7753901	0.78058541	0.92145782	0.67989612	0.97595502	0.95548477	0.95335941	0.55872013
cg00843117	0.96365405	0.921289	0.97192122	0.6937964	0.93403312	0.8515236	0.94729257	0.9778585	0.97175333	0.96800308	0.96439274	0.87613344
cg17964575	0.9493834	0.82299166	0.94556849	0.3978595	0.91279713	0.73486253	0.8937086	0.92259676	0.89046255	0.93792693	0.87484006	0.80615646
cg26950756	0.98571415	0.85879319	0.98459628	0.5972197	0.97809596	0.74601093	0.96757973	0.98273412	0.97945784	0.96380101	0.97408408	0.78064241
cg27025274	0.96991863	0.94654035	0.96682979	0.6353814	0.94804859	0.90495736	0.96889596	0.90123047	0.94258178	0.95289897	0.95205524	0.83617946
cg16461337	0.85732601	0.76339859	0.94389751	0.5082403	0.88041696	0.76792873	0.90680919	0.92380041	0.87926419	0.90857847	0.83419204	0.68768355
cg13539891	0.9472412	0.93064429	0.96089674	0.6201974	0.90187195	0.79408978	0.90291626	0.95572487	0.94588404	0.94079865	0.95251312	0.85650707
cg23853980	0.6714987	0.95246572	0.81396238	0.3706624	0.80118025	0.55097264	0.83326115	0.73050978	0.73013077	0.73082662	0.76806618	0.52687142
cg07880190	0.91777502	0.93889541	0.95107018	0.5023398	0.94736257	0.89275461	0.95072796	0.94949327	0.92171151	0.94539839	0.92073953	0.66060976
cg26129027	0.77746482	0.82354353	0.71301283	0.4237788	0.62011832	0.7406416	0.71917233	0.73954842	0.69308892	0.88893267	0.67240857	0.83556122
cg15683542	0.94456196	0.74986657	0.92698888	0.2998643	0.88802818	0.5465607	0.90035454	0.93527412	0.90437589	0.8965736	0.92035962	0.54399443
cg10583651	0.91249066	0.90466471	0.93927048	0.2845341	0.74938516	0.53265021	0.86420292	0.91729783	0.91492537	0.90660522	0.91478412	0.65157723
cg05785919	0.97363913	0.12833297	0.9488927	0.9841418	0.98446487	0.96807421	0.9740093	0.96682586	0.95942387	0.96113577	0.96481042	0.96308121
cg22784669	0.97502046	0.09279326	0.9087665	0.9727362	0.97346164	0.969385	0.96969451	0.96714887	0.9623725	0.96531772	0.96266704	0.96643491
cg18811564	0.94904745	0.0580004	0.88601193	0.9228485	0.98015097	0.85741948	0.97426014	0.94121565	0.94234488	0.89170647	0.95077219	0.8765918
cg03370491	0.95991259	0.05474914	0.88152251	0.9185073	0.96965437	0.86989899	0.95981291	0.95862286	0.9469364	0.95109406	0.93764184	0.85475346
cg18395354	0.96008816	0.10688509	0.89688654	0.9642515	0.96615327	0.92393824	0.96797203	0.93529445	0.94739702	0.9415833	0.94109903	0.96779656
cg11963313	0.94430205	0.13206936	0.88689407	0.9296838	0.96495543	0.90742894	0.9559271	0.94061597	0.94306388	0.93522825	0.94937864	0.92321511
cg26960322	0.91648406	0.03120512	0.86491652	0.9130365	0.96708728	0.86141098	0.93547156	0.83877617	0.91654057	0.91160532	0.93429193	0.87256546
cg10287321	0.95424627	0.0616971	0.84606877	0.9404021	0.94480962	0.94105282	0.91551309	0.96501458	0.94302906	0.94696295	0.939366	0.84199066
cg27195778	0.96923429	0.07805323	0.92046363	0.9869332	0.97151887	0.97260162	0.968854	0.96409774	0.94901176	0.96394113	0.95620655	0.9780392
cg04987479	0.97897718	0.09727664	0.9283677	0.9799519	0.98572296	0.90797724	0.97199261	0.96068945	0.95665187	0.9370113	0.96185093	0.98801108
cg02198280	0.96435652	0.1136778	0.91578575	0.9619255	0.96063019	0.97306817	0.95573293	0.96121819	0.95913547	0.96767616	0.94755521	0.95990356
cg09488807	0.98473976	0.06385208	0.86102251	0.9641996	0.98228806	0.95407341	0.97250446	0.9846469	0.96040356	0.9650611	0.97427772	0.9835745
cg07084675	0.95244932	0.04615988	0.8720557	0.9172659	0.94402893	0.87521327	0.94613187	0.93852708	0.93869676	0.93846812	0.92423669	0.92160086
cg00601124	0.98525515	0.05487766	0.89093335	0.9527087	0.98038071	0.9352902	0.97950106	0.95565417	0.96344167	0.95569138	0.96300628	0.95817182
cg27168830	0.98285703	0.0162639	0.86944572	0.9355713	0.97708848	0.95961722	0.98031692	0.97884052	0.97590659	0.97270437	0.96993886	0.96520028
cg25788647	0.97311566	0.10758843	0.88487201	0.9496983	0.97126423	0.90614607	0.96825111	0.96342069	0.96709038	0.94988581	0.94908903	0.93824454
cg02011162	0.95620369	0.06148322	0.86577455	0.8575802	0.94604332	0.94712863	0.94289085	0.87626652	0.94287386	0.95827807	0.9327081	0.93318911
cg22206842	0.95238241	0.08813038	0.89419362	0.9458234	0.95655016	0.93817755	0.94436105	0.95147464	0.95236726	0.9480359	0.94461107	0.94786229
cg20913547	0.96702075	0.05143962	0.90808519	0.9328683	0.96705239	0.84076228	0.94817588	0.95846757	0.88711708	0.91905229	0.93908898	0.91689485
cg24800373	0.97268995	0.08471827	0.93051824	0.9530565	0.98451332	0.94945357	0.97948862	0.96713002	0.97126051	0.97277845	0.9701184	0.93464132
cg15870556	0.93178133	0.06633339	0.87572344	0.9067738	0.94293088	0.92621754	0.94181614	0.92590248	0.93536702	0.94198744	0.9436517	0.91363683
cg04923194	0.94708606	0.03138617	0.87342483	0.952428	0.98345755	0.93659887	0.97391273	0.93669736	0.94687361	0.9460517	0.92316843	0.9165832
cg14733637	0.93026431	0.08660818	0.86400672	0.9454984	0.92769403	0.89238827	0.90300534	0.90338062	0.89202541	0.89342811	0.89708107	0.88037218
cg17514643	0.96732594	0.02411345	0.83227756	0.9585554	0.97481407	0.92308514	0.9667149	0.97072807	0.96735256	0.95166868	0.97372213	0.92241515
cg03517570	0.98361251	0.0819793	0.86818484	0.9891463	0.98075377	0.98164684	0.97414609	0.98665002	0.97178574	0.97505115	0.96914581	0.98887255
cg07008893	0.9750532	0.13062367	0.9312438	0.9574238	0.97029471	0.96563119	0.96468944	0.96620969	0.96798872	0.96086853	0.96540447	0.95132265
cg14495399	0.93048287	0.11253356	0.85687359	0.8873608	0.93237422	0.85500031	0.923202	0.92035251	0.90162876	0.8941341	0.93029115	0.90403633
cg03578212	0.96310285	0.09628958	0.91723117	0.9556907	0.97316274	0.95894066	0.97461904	0.97117786	0.95071306	0.9418551	0.9436271	0.955327
cg26058722	0.95515062	0.09457172	0.88081426	0.9063527	0.95849286	0.88221582	0.93689157	0.93214719	0.92229509	0.9316075	0.92255955	0.89176564
cg23063536	0.92729633	0.06258955	0.84744664	0.8884386	0.87978039	0.8431639	0.85124917	0.86433698	0.89927469	0.90388965	0.87159916	0.86886572
cg19132501	0.95738708	0.15485182	0.85480431	0.9465133	0.97942525	0.9081248	0.9592396	0.96033437	0.9561709	0.93883602	0.95122626	0.93653708
cg03653880	0.94029105	0.17128096	0.8976056	0.9261562	0.93593155	0.9314345	0.93506788	0.95458399	0.9320617	0.9380026	0.93751799	0.93299697
cg24128943	0.92801628	0.07583524	0.81657992	0.8997549	0.90519004	0.90411672	0.89955713	0.93534984	0.91610267	0.88875264	0.91480702	0.91642696
cg10751207	0.93408406	0.04285758	0.82072586	0.9309703	0.97140084	0.85359481	0.96577297	0.93797253	0.95312856	0.84022791	0.91687044	0.960044
cg10164437	0.9594904	0.03460836	0.81390504	0.8389839	0.96416483	0.84095396	0.94335842	0.96334529	0.94607329	0.93583374	0.94529273	0.82301829
cg12270000	0.96730217	0.0562186	0.90322196	0.8778243	0.96118553	0.88414871	0.96260697	0.96088942	0.96455649	0.95332076	0.95601361	0.91237914
cg07610771	0.96206171	0.05393219	0.86122014	0.9340078	0.96100228	0.89811055	0.95942085	0.93670154	0.92788273	0.9191472	0.91488818	0.88596397
cg27546582	0.96872169	0.19241477	0.92365833	0.968219	0.95895822	0.97789188	0.9659405	0.96262733	0.95761027	0.96012384	0.95914329	0.97604399
cg00322928	0.92261045	0.11785334	0.826671	0.8821132	0.89657769	0.88862082	0.86699056	0.8976589	0.87832524	0.92398969	0.89910447	0.86682716
cg26510178	0.95407112	0.14369722	0.84839943	0.9242922	0.92717087	0.90405722	0.92197301	0.94724111	0.94285936	0.91981017	0.9293125	0.88846209
cg21581865	0.93062946	0.09184635	0.89016779	0.965333	0.97308284	0.96726512	0.96238792	0.93096097	0.96707009	0.95720842	0.96092397	0.97804607
cg05022030	0.98083023	0.04702749	0.88945648	0.983916	0.98893629	0.94315056	0.9877985	0.98164109	0.97640815	0.97999097	0.98599536	0.97815593
cg22574467	0.9711016	0.04663024	0.80634487	0.9708785	0.96493308	0.96450575	0.96853127	0.97247682	0.96753389	0.96272033	0.95935613	0.97191341
cg01389234	0.93498584	0.06139244	0.82226685	0.9734129	0.9692725	0.95923986	0.97219979	0.90482648	0.93876036	0.95827201	0.94116901	0.96890271
cg26687322	0.91804286	0.06783944	0.81907367	0.8683899	0.9322779	0.85093649	0.92128821	0.93868051	0.89752655	0.91639649	0.91388875	0.86718586
cg19606289	0.97276308	0.07391647	0.91139057	0.9745946	0.96833438	0.9648925	0.9489193	0.97129112	0.96708894	0.96087886	0.96262751	0.97272127
cg06264696	0.92486836	0.14317245	0.92097478	0.9272968	0.95824231	0.90695351	0.94819683	0.94242356	0.93479635	0.91746462	0.90894503	0.89163961
cg20976977	0.98442042	0.1094875	0.89532703	0.9852333	0.97816921	0.9813114	0.98091859	0.98643648	0.97772061	0.97151737	0.9687351	0.97717184
cg14511575	0.96586554	0.02730542	0.82607324	0.9565477	0.96429979	0.96345812	0.96818883	0.96075593	0.84248778	0.93634504	0.94091581	0.94976048
cg05294459	0.94122664	0.08712258	0.84499224	0.9352398	0.94997057	0.89776155	0.93578065	0.94131898	0.93510356	0.92459623	0.92652464	0.92251877
cg25099065	0.90597366	0.92602145	0.10127252	0.9602791	0.95443959	0.96219606	0.94305984	0.91603031	0.93740801	0.95394881	0.92542926	0.95504667
cg14668581	0.92284188	0.81152961	0.09363233	0.9670003	0.97396473	0.94380759	0.97557982	0.97009079	0.9573263	0.95362211	0.95215872	0.94893626
cg10478600	0.94888892	0.88186186	0.17406025	0.9474392	0.91581527	0.93531806	0.93738898	0.94851495	0.93106986	0.9434649	0.92334539	0.93584619
cg15683107	0.88597716	0.79815301	0.09075928	0.8642583	0.72394093	0.83088606	0.77255142	0.86151613	0.829049	0.83181158	0.77872208	0.91968521
cg07076850	0.90626729	0.90826771	0.1362928	0.9368973	0.85477278	0.88675903	0.84625488	0.86315185	0.84000891	0.87914201	0.78623984	0.92168238
cg15817752	0.95246123	0.84684359	0.14033213	0.9687295	0.97744958	0.97839796	0.97050087	0.93556403	0.94857571	0.94852408	0.92274953	0.96850081
cg07526731	0.94082484	0.83128367	0.0935797	0.9738464	0.96776049	0.9691216	0.95473662	0.97590583	0.94282183	0.8209883	0.94114	0.96783417
cg05484949	0.96076419	0.84250889	0.17795683	0.9621868	0.96433041	0.96499155	0.96613107	0.95153287	0.95509259	0.95938889	0.9444547	0.96143251
cg13429555	0.97752361	0.78834753	0.13136522	0.970221	0.96852262	0.96266945	0.96356223	0.98205051	0.96251587	0.96115022	0.95327551	0.97168132
cg26676273	0.89351627	0.75540816	0.15878112	0.879117	0.86178968	0.86904295	0.8647879	0.89940982	0.90601847	0.90809601	0.89136945	0.84148502
cg06016162	0.97063808	0.92823464	0.33337836	0.9677618	0.94936925	0.96308726	0.94107165	0.97251004	0.97214786	0.92769619	0.96138952	0.95177026
cg02331158	0.92429513	0.92962264	0.24539743	0.9498706	0.92930695	0.95020941	0.94696409	0.86183088	0.94913293	0.92062884	0.91667247	0.94609933
cg16054240	0.96420072	0.79873235	0.10564068	0.9738044	0.96667259	0.96732824	0.96838466	0.91442418	0.85891372	0.96477391	0.74761751	0.97404585
cg26264767	0.97878993	0.76953	0.09845368	0.9623861	0.97837847	0.96517191	0.97340272	0.97392614	0.96525248	0.94237175	0.95946979	0.97179527
cg08437936	0.9556186	0.80952599	0.19226909	0.9579671	0.8378848	0.92083853	0.92182517	0.94889107	0.95115557	0.93604151	0.93364298	0.9526029
cg07094228	0.89810719	0.87477488	0.1968839	0.9119655	0.84571142	0.91058404	0.86056177	0.91576968	0.91822	0.91612907	0.87897558	0.90383957
cg27180005	0.93554272	0.85187623	0.29545938	0.9448813	0.91697652	0.94958919	0.93587127	0.94673483	0.93350976	0.93242927	0.92038938	0.94098857
cg07373578	0.94984103	0.82565803	0.18554994	0.9558579	0.95494431	0.93909253	0.94115563	0.93191948	0.92830715	0.93066356	0.92314906	0.95223166
cg13918228	0.86052166	0.95170724	0.18709349	0.9529856	0.81455249	0.96190276	0.92608146	0.95042268	0.95276206	0.93768036	0.94036567	0.96005814
cg02566312	0.93951446	0.70365107	0.17070441	0.9486531	0.97137885	0.93911479	0.98105027	0.95429794	0.94468865	0.94465182	0.94993383	0.94296102
cg09681537	0.73875521	0.805186	0.11905573	0.8467981	0.88092143	0.90501957	0.89304889	0.90517127	0.71702206	0.68409749	0.77338145	0.95746437
cg17634650	0.95791865	0.76853861	0.19624733	0.9194525	0.94861821	0.94356263	0.95454012	0.96171848	0.94867738	0.94863723	0.9383629	0.92730493
cg25605180	0.86807056	0.76049433	0.12029709	0.9026925	0.85666195	0.89708411	0.85989826	0.73904021	0.83651007	0.81934599	0.82170649	0.89345261
cg00476430	0.92180207	0.77904056	0.11652869	0.9269048	0.92049155	0.93276637	0.93088707	0.91921114	0.90413497	0.91343129	0.91070282	0.89473026
cg18358155	0.95731311	0.72988896	0.11194525	0.9608968	0.95692412	0.94487378	0.94952415	0.95067654	0.94618319	0.94599101	0.94088595	0.95475768
cg01841368	0.9525768	0.67464744	0.0871544	0.9540517	0.96738257	0.9499238	0.97430859	0.9678763	0.95726408	0.94252172	0.95856397	0.96479282
cg04496578	0.97476072	0.62947686	0.07765727	0.9800051	0.98121313	0.97593931	0.97578734	0.9803692	0.92271647	0.97721588	0.95265334	0.9662954
cg02522485	0.94670147	0.88719483	0.34139031	0.9295366	0.93010758	0.94706479	0.94360972	0.9599049	0.93980021	0.93706796	0.93653456	0.93492979
cg16495530	0.95549421	0.79805728	0.12261737	0.9733457	0.85542512	0.96720927	0.9333642	0.82107905	0.8862114	0.71755927	0.9422541	0.97540726
cg07390370	0.88096178	0.67462205	0.11797321	0.8749874	0.83340014	0.84760648	0.8362311	0.9181374	0.86540071	0.81223624	0.84952725	0.87443691
cg25904998	0.95865046	0.83523019	0.24234548	0.912783	0.95157099	0.76518768	0.93708827	0.94884851	0.9338073	0.94161089	0.92664443	0.84257942
cg05810879	0.98211123	0.92694732	0.32269747	0.9770756	0.97591696	0.98363355	0.97654957	0.97101981	0.97231352	0.9676912	0.96988044	0.98397819
cg24367295	0.91071341	0.68587447	0.07974314	0.9148658	0.88908606	0.89981345	0.87977855	0.88736112	0.92369616	0.91501047	0.75207061	0.90688674
cg19776833	0.89674257	0.86901465	0.2298879	0.9414847	0.93910349	0.96953522	0.9584645	0.7667767	0.96525863	0.96321313	0.95420574	0.95646751
cg14095525	0.90476321	0.80344714	0.1772814	0.9783185	0.97631525	0.96754827	0.97355615	0.94627239	0.91055582	0.92382109	0.93216397	0.96170045
cg16289232	0.89979469	0.83599351	0.30905226	0.9181076	0.88034168	0.90665161	0.9023092	0.91398983	0.92601019	0.92519769	0.92302998	0.8866792
cg05816398	0.74929169	0.66555912	0.09774437	0.8533911	0.88037551	0.89732102	0.89418387	0.83492385	0.91550833	0.91649757	0.91350412	0.71141861
cg02641941	0.90390682	0.7759575	0.2228678	0.947504	0.92143165	0.94881839	0.94165132	0.94094149	0.9378067	0.92594028	0.9365952	0.93096389
cg26330304	0.95014333	0.79443901	0.26443209	0.9341434	0.86083466	0.94678135	0.75988314	0.75490818	0.95291576	0.812045	0.91158036	0.93607667
cg04429341	0.97437464	0.62997882	0.08969243	0.9726613	0.97013758	0.96822344	0.97121474	0.97449772	0.96454061	0.96055693	0.9616693	0.97121758
cg11518040	0.93522706	0.89372936	0.32320033	0.9426373	0.91926292	0.93924691	0.92118648	0.95238961	0.93210994	0.94912424	0.93517532	0.92889128
cg03748473	0.86655261	0.67335569	0.14274747	0.8455668	0.66541795	0.87656778	0.75692141	0.82541808	0.85511878	0.70625226	0.84440599	0.80476073
cg04982372	0.93786782	0.71849818	0.0733708	0.9319684	0.97087627	0.91237495	0.96153888	0.97525444	0.96585821	0.95913228	0.95797007	0.85575482
cg27436324	0.974073	0.80886078	0.1789752	0.9726102	0.96606027	0.96698621	0.96874599	0.96560265	0.96484988	0.95556175	0.96087053	0.9696742
cg06681449	0.94289713	0.62965601	0.14096587	0.97736	0.97099847	0.96132603	0.95403681	0.9597335	0.91125019	0.95286705	0.91456725	0.96001799
cg25735823	0.91338085	0.68963135	0.1763589	0.9336295	0.90930042	0.91065421	0.8839437	0.76151297	0.84109779	0.90796389	0.71107997	0.91694473
cg06738507	0.88323014	0.70462333	0.14496018	0.8757434	0.81097531	0.84632669	0.78266104	0.87981871	0.89782848	0.88835285	0.88214922	0.79198168
cg10809134	0.93631967	0.78722569	0.12004507	0.7537237	0.9112474	0.66976138	0.89861861	0.94343665	0.93622277	0.86971078	0.9145692	0.66057581
cg11812782	0.67044549	0.74811928	0.1753814	0.833022	0.78004123	0.85609612	0.79488281	0.97375283	0.95036247	0.81283363	0.92636642	0.77303899
cg25271915	0.87416446	0.66520074	0.08891007	0.9825838	0.97407323	0.98686828	0.97544452	0.92830266	0.97303192	0.97236376	0.96950163	0.98111902
cg05501327	0.97787178	0.97924883	0.97786624	0.8819262	0.97153831	0.96785763	0.97015573	0.97855572	0.97462344	0.96830419	0.96538572	0.15095564
cg22572158	0.92344248	0.95510789	0.96265488	0.817779	0.95211871	0.94968641	0.94949321	0.91303635	0.94935481	0.93263139	0.94023218	0.15377965
cg04003505	0.94480805	0.98076286	0.97916372	0.8635304	0.94909857	0.91987351	0.87536434	0.92743265	0.87419955	0.89914449	0.88694173	0.19260616
cg22438885	0.97847211	0.85745872	0.96604695	0.9041873	0.97020956	0.89172726	0.95837878	0.9717297	0.96673392	0.94929054	0.9520978	0.1342183
cg12882261	0.96337791	0.79221021	0.9666473	0.6872313	0.94626298	0.79321345	0.93239469	0.9639701	0.95257521	0.96189676	0.95466625	0.06702233
cg23516026	0.97128025	0.93432162	0.98286495	0.8885144	0.97450314	0.95247577	0.97526513	0.97107663	0.96766306	0.96295949	0.9649251	0.29042287
cg23148481	0.95963723	0.84175958	0.93853397	0.8062851	0.88416915	0.86172193	0.95596989	0.96225215	0.94980425	0.90982312	0.94376198	0.05904756
cg25844471	0.9725952	0.91523876	0.94891958	0.7891985	0.97680133	0.91335174	0.97042769	0.95475902	0.95079668	0.96646817	0.95655952	0.15372458
cg10419892	0.9759053	0.78584862	0.96910312	0.7532053	0.97153875	0.9425594	0.95936918	0.96951475	0.95826162	0.96433698	0.95724767	0.14566339
cg15463664	0.9316043	0.96251867	0.96984824	0.7321838	0.9645373	0.89446158	0.96778299	0.9418697	0.92244938	0.94567749	0.92614545	0.08021546
cg08445080	0.97804046	0.95400235	0.97765883	0.9055236	0.97204951	0.93178326	0.9562595	0.97548865	0.96866479	0.96654926	0.96658334	0.21723926
cg15921515	0.96367702	0.96638043	0.9667131	0.8944198	0.95603025	0.96622693	0.96306451	0.9626154	0.95878035	0.95649381	0.95436446	0.29734693
cg24306984	0.87650219	0.85735044	0.93814649	0.8094874	0.95814174	0.91962885	0.97383858	0.90603084	0.9256289	0.93989974	0.92969609	0.19992558
cg23539484	0.98064014	0.98650841	0.97748939	0.8342453	0.97241807	0.95219069	0.97708864	0.95975586	0.95655766	0.95821613	0.96688978	0.23636219
cg03922997	0.94444608	0.88234583	0.9584272	0.9054021	0.96360663	0.8677093	0.94615275	0.94639929	0.92854815	0.9335379	0.938722	0.20484158
cg05487307	0.93480766	0.93967968	0.96054821	0.6210407	0.92261463	0.876108	0.91965506	0.9362586	0.93733153	0.95148328	0.92844224	0.08755819
cg27340845	0.97505702	0.97669342	0.97221011	0.7383981	0.96721905	0.75131234	0.96280934	0.97418386	0.96675603	0.96318759	0.96723924	0.12590498
cg03217619	0.93895909	0.97888665	0.95586334	0.7891573	0.98008243	0.92572968	0.95622083	0.94831989	0.9582814	0.95126825	0.95584428	0.21767486
cg13477627	0.96375139	0.94391664	0.97530311	0.8684977	0.95921082	0.91046124	0.95340801	0.94054036	0.95483053	0.90440361	0.9292811	0.31050763
cg15033776	0.94727516	0.95208692	0.95830258	0.778292	0.95622195	0.96006774	0.96855	0.94140466	0.95690649	0.95267233	0.95040934	0.14282252
cg15164173	0.95465151	0.9756174	0.97497841	0.7643403	0.96513131	0.79650672	0.96295616	0.94473734	0.95771497	0.93758664	0.94969661	0.23058512
cg08358686	0.95866377	0.95550225	0.97633452	0.797152	0.9540476	0.81509652	0.95516821	0.93061443	0.95177191	0.93903858	0.9362871	0.23609113
cg08888548	0.72504284	0.93606896	0.96434631	0.6513811	0.94253649	0.67125947	0.93683603	0.85176031	0.8769018	0.92988543	0.91592951	0.13392506
cg00678912	0.96991015	0.97160183	0.97372964	0.8387342	0.95850204	0.78494049	0.89445845	0.95876249	0.94517174	0.9339894	0.93861552	0.20514621
cg15560912	0.9490455	0.94122276	0.96994798	0.7041985	0.96097801	0.73248579	0.93706733	0.97705558	0.93762351	0.94508512	0.95000521	0.12431421
cg07003611	0.95456755	0.9248181	0.96997493	0.9275506	0.9588749	0.96181865	0.95903776	0.96231972	0.95075927	0.95468449	0.94903873	0.29689947
cg16255804	0.969732	0.87340991	0.94499372	0.8715596	0.94032086	0.90330886	0.94370663	0.9613111	0.95220975	0.94171946	0.94219127	0.27583391
cg07833643	0.9561049	0.95493885	0.95514537	0.8915933	0.94239601	0.94028554	0.93471519	0.93298235	0.9540462	0.9537258	0.93616909	0.36692416
cg26451108	0.87888906	0.92272542	0.93623878	0.7021392	0.92469211	0.82373456	0.92301013	0.95321435	0.93152781	0.87682591	0.91940082	0.19949863
cg08337454	0.96869559	0.94065042	0.97874445	0.8591503	0.95794435	0.90341406	0.95037021	0.97274626	0.95730179	0.94739485	0.94016763	0.31055044
cg15908108	0.93114755	0.96193046	0.97967964	0.8122502	0.79780705	0.95483978	0.95700614	0.97066153	0.96886858	0.96130272	0.96637058	0.27061389
cg17642929	0.96083135	0.83695941	0.94260109	0.780001	0.94519441	0.88541696	0.94178148	0.95055401	0.90993723	0.94501042	0.95224834	0.2608024
cg03833097	0.89463512	0.93890972	0.95345365	0.695873	0.91329061	0.8144327	0.91837726	0.90371619	0.92783962	0.93082768	0.92124716	0.14839353
cg18857045	0.94168283	0.83488823	0.91757619	0.7424372	0.95168621	0.77431661	0.94691011	0.94333292	0.95492371	0.95243058	0.94817841	0.16810232
cg23411838	0.96892605	0.79629368	0.96511363	0.7732831	0.94824619	0.93336835	0.97658263	0.97852325	0.9820003	0.96161448	0.97400071	0.23121441
cg00409021	0.96130672	0.91632663	0.9158339	0.8450284	0.91968767	0.90213028	0.94016788	0.88148368	0.89900547	0.91626504	0.88895345	0.23327173
cg17290867	0.94782058	0.94093861	0.96805305	0.7414662	0.97504013	0.90141386	0.97520456	0.96616533	0.94750112	0.93705539	0.96519555	0.18075705
cg16044562	0.90746636	0.85225676	0.97845343	0.755932	0.97652935	0.95741339	0.97467155	0.94537883	0.97009133	0.94426361	0.95078212	0.2446928
cg02105817	0.93526972	0.96570337	0.95013546	0.9338004	0.96270676	0.91507138	0.95589045	0.86867094	0.94768237	0.94289021	0.90480493	0.34427258
cg18459351	0.92309331	0.75115043	0.94957687	0.7196441	0.94119712	0.68516064	0.92995993	0.93638441	0.89691228	0.89887764	0.91845176	0.14212202
cg05106785	0.89048428	0.76181022	0.92178499	0.5488671	0.85489014	0.58480334	0.82118679	0.8789355	0.85899775	0.85305606	0.8199432	0.05052649
cg10208609	0.86485822	0.77554799	0.94150573	0.6677028	0.93703938	0.94594115	0.94387225	0.89219719	0.93450028	0.92978211	0.93558486	0.08780371
cg16901161	0.96432893	0.9699119	0.97276661	0.7029757	0.96499728	0.89174966	0.97209298	0.97591818	0.95211911	0.96927562	0.95920539	0.08326587
cg02033323	0.97964513	0.97841287	0.97461129	0.9215218	0.96646704	0.96318917	0.97189178	0.97952489	0.98366462	0.97435331	0.968731	0.44205778
cg24998002	0.93641606	0.92073966	0.96542402	0.6047707	0.70251396	0.88336296	0.69440881	0.82243066	0.95670021	0.93567051	0.93093219	0.13734189
cg07461115	0.91852151	0.65715361	0.92321649	0.554322	0.82393796	0.64616778	0.72454347	0.94913682	0.92181275	0.93120694	0.92549722	0.0730065
cg04311057	0.96091039	0.8794452	0.96873359	0.817686	0.95476733	0.82325341	0.93604886	0.96164178	0.96180812	0.95978099	0.95160499	0.29459767
cg06026449	0.85402207	0.6836986	0.9649099	0.6713029	0.93434615	0.78235363	0.93624472	0.8774241	0.9317878	0.89951186	0.90552192	0.10428802
cg00052246	0.98284531	0.85409339	0.96674731	0.7032708	0.96231224	0.90730768	0.96366101	0.97815219	0.97744619	0.96446287	0.97009451	0.24122615
cg02148547	0.93006736	0.83175996	0.93173779	0.5426752	0.79598598	0.60974116	0.79688711	0.84185375	0.89623244	0.91509477	0.87203962	0.09750017
cg02203103	0.91149638	0.92014814	0.93951451	0.6963671	0.89348575	0.06322625	0.71155638	0.91976366	0.90926906	0.82603832	0.89660825	0.80298777
cg20063728	0.95550274	0.85998332	0.94924736	0.8131545	0.9468021	0.16275037	0.85543813	0.95335876	0.94126171	0.89359296	0.92656213	0.92738143
cg20813776	0.94450311	0.94152368	0.92447488	0.8819588	0.90499971	0.25447652	0.81909689	0.90865739	0.9113507	0.79370379	0.89249053	0.88886877
cg13475329	0.93755309	0.92628968	0.93677144	0.8026433	0.92483941	0.1997854	0.86095202	0.93786368	0.93693553	0.67211797	0.93945167	0.92997234
cg13211380	0.89849285	0.93648651	0.92273724	0.704723	0.90410986	0.15266495	0.82175581	0.88116296	0.89060636	0.72365704	0.8824817	0.88937249
cg20652042	0.74397028	0.88765571	0.89920012	0.7356604	0.89736344	0.11323669	0.72558418	0.708641	0.74726615	0.78118388	0.69424757	0.81468618
cg10651616	0.92803476	0.95407728	0.95598896	0.6899089	0.90187693	0.20483199	0.84597872	0.95924677	0.96080881	0.92248946	0.9459681	0.92509836
cg02826841	0.9525742	0.81452381	0.95429856	0.8097556	0.95679086	0.18881084	0.88626904	0.95922235	0.93029098	0.71230014	0.94367995	0.88096925
cg05892024	0.90480351	0.75841618	0.92756473	0.7383063	0.90567653	0.12704991	0.77429886	0.9006767	0.87436457	0.82110847	0.86575175	0.84368976
cg25918166	0.94484306	0.65137772	0.95434331	0.5669475	0.95016886	0.11570315	0.86222712	0.94677335	0.93921801	0.85769394	0.94097853	0.60035739
cg03267512	0.98447564	0.88610933	0.97462287	0.8110216	0.97450296	0.34075599	0.95238997	0.96421224	0.95962726	0.84056162	0.97217618	0.92571332
cg27298253	0.80211917	0.90310323	0.9480526	0.7496821	0.89769139	0.29536206	0.76264287	0.87995457	0.90532454	0.71523465	0.90990136	0.68963976
cg18327204	0.96638263	0.81454571	0.95591384	0.9251612	0.9511727	0.3508449	0.91625226	0.98289055	0.96529418	0.8939945	0.95757292	0.90993818
cg19653890	0.87574659	0.53358182	0.90333156	0.6138962	0.92192771	0.08032064	0.76698697	0.85222588	0.63874903	0.80445354	0.81748424	0.84764589
cg02319946	0.96326458	0.97443795	0.95332904	0.9761294	0.97260979	0.39764827	0.95766249	0.96677563	0.95821133	0.90729053	0.9444946	0.98089593
cg18073938	0.92611047	0.75488567	0.95062365	0.5210619	0.93035168	0.09468596	0.78985035	0.52967731	0.91405743	0.80225845	0.79920394	0.60881745
cg21023071	0.92909101	0.95980354	0.95438824	0.9355156	0.93461231	0.37395703	0.90902796	0.94801225	0.95343974	0.88045891	0.94804366	0.93842398
cg07661702	0.97564649	0.9265972	0.97476371	0.7820149	0.96347535	0.32346137	0.88875577	0.96849333	0.9640794	0.88080389	0.96289781	0.77909689
cg16613029	0.87894681	0.89164707	0.89750247	0.7187393	0.79716406	0.30127695	0.71945667	0.80222609	0.85305982	0.79746132	0.74578031	0.76538939
cg13452923	0.96849028	0.70684238	0.94853163	0.6456814	0.92304128	0.16592332	0.76093173	0.97167465	0.95771296	0.66102514	0.9576003	0.53763897
cg11749308	0.95048416	0.92220327	0.96777273	0.7071553	0.94870193	0.30700811	0.86452431	0.95236699	0.94603504	0.79637502	0.94253444	0.90767072
cg10220401	0.94343494	0.955383	0.94519641	0.8730726	0.93039395	0.43052819	0.91906626	0.92940916	0.94175605	0.87706881	0.92753034	0.91110918
cg08657911	0.9623431	0.94392594	0.95847967	0.7294355	0.91584968	0.32961693	0.90171689	0.95062304	0.94114254	0.91475776	0.93417949	0.72244462
cg17523148	0.98468862	0.97907967	0.98921291	0.954462	0.96347994	0.39864254	0.94180804	0.98064727	0.97859578	0.81076497	0.97652659	0.9830408
cg24898812	0.88103883	0.77462014	0.89331064	0.8093382	0.90618439	0.32876775	0.88393283	0.86689254	0.89159931	0.78314513	0.88441516	0.85019258
cg04017239	0.96648528	0.81122007	0.94055773	0.6354952	0.90557212	0.26847062	0.83351347	0.94573976	0.93664943	0.86537896	0.93702923	0.6372193
cg22250168	0.87316312	0.63771491	0.89468842	0.52899	0.78461731	0.13218949	0.52258074	0.8905527	0.84657943	0.49352695	0.85152302	0.49212855
cg11249120	0.95894675	0.9461488	0.95044233	0.7145828	0.89219903	0.16300669	0.86948044	0.91351293	0.90605984	0.67987579	0.92035555	0.64391281
cg04467549	0.98127897	0.97920594	0.98944953	0.9496071	0.96074414	0.16730562	0.75934598	0.98265031	0.97560741	0.64201907	0.97014694	0.97302939
cg01850245	0.89282763	0.55858592	0.91126835	0.4498684	0.90786707	0.09401446	0.82374026	0.90546539	0.86742925	0.86455397	0.89956025	0.55679842
cg11693925	0.96303701	0.93161138	0.96003769	0.9077368	0.95790869	0.49561263	0.92504086	0.90701709	0.94812199	0.86540951	0.90701418	0.83704595
cg04705866	0.84375454	0.78141154	0.83840155	0.854005	0.86877273	0.26216574	0.86580545	0.87167367	0.8262117	0.80009223	0.8553251	0.96251004
cg24240349	0.959215	0.96538779	0.96133973	0.8984745	0.95155772	0.52388665	0.92124572	0.95767245	0.93773171	0.93240209	0.94806373	0.93083364
cg01923140	0.78516863	0.69172621	0.91381874	0.6736135	0.88948936	0.22696438	0.88066106	0.83896868	0.81291506	0.74412014	0.83222402	0.73076877
cg12695059	0.97210106	0.97897527	0.98497666	0.8721812	0.88677814	0.35135996	0.77267394	0.97240395	0.96614393	0.89730949	0.9526777	0.91352222
cg05036909	0.98416098	0.81230632	0.95723545	0.7151889	0.95716534	0.33350824	0.86158123	0.97875475	0.96387939	0.87136244	0.96606682	0.83517746
cg05982017	0.96966435	0.9700233	0.97431409	0.8888038	0.96319088	0.45903599	0.92532208	0.94676851	0.96642998	0.91952628	0.96171664	0.96342193
cg26429965	0.95633434	0.70754477	0.9527737	0.5540284	0.96866339	0.21205147	0.89863505	0.92744282	0.93738643	0.77237343	0.91744563	0.69311797
cg09856271	0.95167302	0.74075572	0.93545738	0.7386991	0.92090726	0.24639018	0.89694695	0.91737068	0.91473968	0.81481347	0.91725385	0.67456972
cg08243981	0.90692613	0.50070102	0.90365723	0.5430131	0.8577779	0.10357426	0.74852528	0.67049851	0.8597449	0.66067493	0.83605452	0.45457928
cg14860676	0.9432032	0.55011257	0.91106444	0.5634475	0.90927366	0.1304468	0.8104145	0.93580484	0.6715142	0.51117043	0.79113376	0.69512708
cg22755579	0.9486305	0.94389851	0.95796846	0.7728825	0.92750352	0.4277455	0.88337148	0.95137073	0.93379966	0.7713232	0.9260953	0.90440878
cg05689028	0.94904996	0.93320936	0.93833966	0.9185006	0.93011755	0.53151006	0.91799039	0.93072266	0.94086283	0.90692415	0.94162087	0.9215742
cg15661018	0.91651335	0.65377356	0.93708409	0.5805326	0.91059504	0.21617782	0.79652709	0.87592148	0.9116374	0.78768785	0.89834345	0.55741689
cg05471842	0.95054905	0.85383693	0.93439516	0.7479108	0.95207625	0.29809621	0.88105448	0.90547422	0.92254819	0.91530066	0.92405742	0.69155815
cg00639010	0.83971902	0.58783812	0.91931558	0.4245749	0.82092743	0.08164976	0.65446449	0.84823547	0.83840401	0.615292	0.84736728	0.42009261
cg19253785	0.88121092	0.96570872	0.92698605	0.8646972	0.81939774	0.31813029	0.75176433	0.86633167	0.85323704	0.67255879	0.80125308	0.94623728
cg16438469	0.88653393	0.6709832	0.93854282	0.6173259	0.93531343	0.16991268	0.80413238	0.70227416	0.71419387	0.54630632	0.5703882	0.7085034
cg03501128	0.96825465	0.97487041	0.97115343	0.9058913	0.97337972	0.45798841	0.95195775	0.96096443	0.9667026	0.88443599	0.96007537	0.95705301
cg04657000	0.91222965	0.88618072	0.97075643	0.5965373	0.94335413	0.16311276	0.80360448	0.94117629	0.95647399	0.50722703	0.93079374	0.5409236
cg15213052	0.97431196	0.9722207	0.97068789	0.956866	0.82476852	0.91654267	0.20199893	0.97707477	0.97424466	0.77272072	0.96699739	0.97069314
cg24422171	0.96153575	0.95765079	0.94712688	0.9488689	0.8733614	0.79884168	0.29905173	0.93541476	0.9551355	0.92052844	0.92683255	0.98568612
cg19850895	0.95810377	0.94466831	0.95324698	0.9375454	0.91968868	0.83072738	0.3035239	0.91810627	0.95168211	0.92279315	0.90340351	0.94606375
cg10587583	0.97206664	0.85488701	0.91356404	0.9640206	0.93577071	0.89710341	0.17321406	0.95602464	0.96621727	0.93248815	0.94912249	0.68409189
cg05478809	0.96504007	0.94756935	0.9581056	0.9525278	0.93755777	0.78816098	0.24804746	0.94441967	0.95015996	0.94540455	0.93316738	0.96411869
cg25448766	0.86947551	0.86138366	0.90750353	0.8954081	0.93843252	0.81945252	0.26535159	0.85900058	0.86806456	0.89341049	0.83679121	0.79901797
cg22556056	0.96203496	0.95945132	0.95935155	0.9159218	0.85816306	0.9262706	0.3386004	0.94303073	0.95768211	0.91802162	0.92950195	0.94553707
cg03077364	0.887818	0.85096365	0.67303308	0.9522012	0.63673703	0.9253103	0.20650268	0.78689955	0.9515482	0.91164606	0.90046096	0.95449362
cg18329839	0.81480728	0.88433152	0.97191564	0.9100784	0.9656941	0.78600452	0.3273253	0.78124408	0.9354354	0.89469753	0.88908923	0.87648443
cg07702659	0.91249436	0.92528991	0.87961984	0.7345674	0.83583431	0.59753126	0.17073381	0.93214565	0.90738443	0.89604746	0.91431221	0.68497209
cg17351376	0.84455855	0.91241492	0.82117967	0.7986841	0.58943228	0.80289675	0.18647332	0.83857708	0.81331122	0.86043331	0.76137209	0.85244815
cg13487687	0.85167941	0.96364366	0.94018636	0.960408	0.73158203	0.73093769	0.28363485	0.92738713	0.95549664	0.88378696	0.94782091	0.94621173
cg07707056	0.96910044	0.97257526	0.9643607	0.9572985	0.93563775	0.87311332	0.35720653	0.95196328	0.96930791	0.95429157	0.95813455	0.95227734
cg20697519	0.83126554	0.85428553	0.85842435	0.851791	0.79663856	0.75555792	0.37622356	0.79415223	0.8366829	0.80905635	0.83253282	0.80342256
cg04394724	0.957146	0.9491997	0.96068938	0.6337195	0.65543885	0.54706674	0.17695066	0.95294676	0.96397201	0.6319376	0.95036563	0.78226876
cg12742224	0.93955742	0.94466396	0.93425612	0.9388048	0.9144634	0.84816007	0.40056172	0.93421761	0.94024238	0.90189761	0.93723691	0.9226166
cg00644351	0.88225454	0.88222806	0.90395611	0.7788945	0.55547498	0.77579461	0.14981541	0.8917862	0.91052439	0.89042183	0.87225914	0.89186333
cg13693582	0.95016252	0.94959895	0.97074481	0.8776363	0.64177494	0.89391808	0.16626169	0.74444794	0.96606179	0.94622244	0.60284275	0.94592115
cg23172664	0.96429272	0.96653038	0.96958662	0.8209859	0.89339405	0.9621278	0.46059295	0.96736127	0.96152873	0.96659082	0.94859144	0.83445598
cg16596052	0.94354239	0.94440071	0.94555708	0.7725473	0.57681806	0.63500179	0.19381293	0.94973475	0.94544723	0.94455162	0.92566739	0.91278468
cg14027234	0.67130705	0.74313393	0.72760346	0.7492763	0.72440305	0.52041341	0.1745656	0.6072606	0.71320387	0.77210519	0.68788418	0.70951109
cg01002223	0.98389387	0.98170989	0.98362877	0.9289385	0.68968011	0.62592341	0.1443412	0.98811062	0.96968425	0.96071539	0.96881099	0.97467755
cg04928784	0.95865641	0.94152592	0.94546389	0.9071395	0.78869612	0.83775486	0.45688363	0.9570279	0.95501365	0.9508902	0.9420634	0.90153803
cg16253157	0.79848852	0.94694469	0.94916013	0.9090256	0.68050489	0.89444492	0.39432779	0.8060302	0.93299238	0.78832863	0.903998	0.92278915
cg12043508	0.69623133	0.70005208	0.80758168	0.8668117	0.84900494	0.77231885	0.2619179	0.69225644	0.74300845	0.62158232	0.71274456	0.92230017
cg16704246	0.80235438	0.92452908	0.86180117	0.8120176	0.64359228	0.7743298	0.2263451	0.81824622	0.83232262	0.82950931	0.81442771	0.5257432
cg04047276	0.88536168	0.91278133	0.93430706	0.8304732	0.84559535	0.64708831	0.22474358	0.84048786	0.91345213	0.9083115	0.88835829	0.90028729
cg16070350	0.76771864	0.71712714	0.93545204	0.7489549	0.40696375	0.42728893	0.08500235	0.84555582	0.93583912	0.91916369	0.90571553	0.67077112
cg20330224	0.96283436	0.96711081	0.95628971	0.9224731	0.63018574	0.95394767	0.32159923	0.95287923	0.95294819	0.94212681	0.94861427	0.87021154
cg02053685	0.89030585	0.91313681	0.88425353	0.8482398	0.77985464	0.89883583	0.38443052	0.9334744	0.93380891	0.70465819	0.91265899	0.93368278
cg00790439	0.86507886	0.69175363	0.91539948	0.6142695	0.52781754	0.48919883	0.18090149	0.70079457	0.80413118	0.68923387	0.54365057	0.58957155
cg26796793	0.97857529	0.98093372	0.97933102	0.9707781	0.94917851	0.81799958	0.47847277	0.98592031	0.96860987	0.96934421	0.964908	0.9799127
cg20492070	0.70334065	0.90351406	0.90701581	0.812127	0.66074242	0.45895205	0.0932782	0.83517013	0.79846657	0.4049472	0.73803004	0.87189512
cg12152193	0.67557138	0.72095	0.72385191	0.6563778	0.62089832	0.5128526	0.15782377	0.62096221	0.66830466	0.61320979	0.63448726	0.50441595
cg16780406	0.93805722	0.82029319	0.94283053	0.9198837	0.55806581	0.65678848	0.17441213	0.92575546	0.95708076	0.66627469	0.91969895	0.93597427
cg06419846	0.96079177	0.9462015	0.96804782	0.9103849	0.90118371	0.57520261	0.27079844	0.95806889	0.9595752	0.95438721	0.94343285	0.91537298
cg18844901	0.95432286	0.9429064	0.9588302	0.8847972	0.7568578	0.78411171	0.41436905	0.95066788	0.94319548	0.94250624	0.94458581	0.91580601
cg19792099	0.92548416	0.82548012	0.92407971	0.6371221	0.55373059	0.73843074	0.25815347	0.94098905	0.94905388	0.60005642	0.94239064	0.56076175
cg14110920	0.94928211	0.93781816	0.96014258	0.748477	0.6584626	0.65491204	0.29284705	0.95001205	0.95037079	0.88852655	0.93946401	0.78026083
cg21631387	0.9425906	0.93329659	0.96158807	0.4666357	0.4787481	0.86776912	0.11944123	0.92465642	0.93484379	0.95074583	0.92691413	0.44752071
cg20560862	0.7084373	0.80651332	0.97725279	0.7429895	0.70696588	0.70998627	0.35542876	0.73472208	0.80215262	0.82238386	0.67620213	0.6987964
cg17445453	0.94579931	0.95298683	0.94523928	0.9041796	0.66126003	0.90377745	0.3769878	0.94886935	0.95015194	0.94094345	0.93682544	0.89928379
cg02865554	0.9501207	0.95462676	0.9505612	0.9039897	0.91302457	0.90891007	0.6167758	0.93523352	0.93488031	0.91689428	0.92009371	0.93267474
cg07756788	0.9058678	0.77139524	0.94003774	0.4744671	0.4279537	0.459895	0.12477098	0.93054386	0.90801484	0.81245959	0.90982407	0.40188929
cg09799856	0.93696499	0.95884654	0.95704848	0.9511779	0.79292836	0.91669721	0.48428747	0.86285356	0.93452999	0.78624363	0.91396842	0.92867548
cg17829179	0.92847431	0.90378809	0.95185948	0.5841765	0.70828769	0.49795267	0.20105883	0.94863516	0.93768178	0.54535739	0.92912469	0.71930541
cg25235205	0.89962641	0.84919284	0.91420816	0.681512	0.54715541	0.40381198	0.12738493	0.87925458	0.90070519	0.89113779	0.87175737	0.58146656
cg11020586	0.97345812	0.96797674	0.9767994	0.9527315	0.85328028	0.94963416	0.46130967	0.95741173	0.96249759	0.94266064	0.93719403	0.9588558
cg20587232	0.92156172	0.9575951	0.95008372	0.947656	0.85920942	0.90561613	0.57583929	0.92973112	0.92499375	0.93527292	0.92511306	0.93560026
cg04249416	0.92943058	0.93967508	0.95609664	0.874277	0.47533713	0.62844512	0.1800465	0.9373782	0.94383647	0.92179719	0.93120461	0.8402746
cg19764973	0.96781029	0.96968838	0.9708024	0.9734961	0.95385358	0.95740368	0.96209155	0.0515613	0.96004566	0.96341948	0.91435558	0.96435887
cg24818060	0.96737179	0.97450433	0.98225047	0.9781726	0.97871625	0.97345468	0.98122462	0.04463681	0.95059107	0.96332856	0.90170719	0.9796235
cg06421734	0.89013488	0.97871944	0.97528997	0.9516486	0.98192252	0.97452134	0.97406854	0.0671576	0.9669489	0.97258326	0.92873484	0.98468704
cg11649969	0.94555553	0.9829985	0.97750951	0.9654249	0.97329701	0.97000695	0.95913229	0.02699484	0.94722648	0.96320953	0.90337545	0.96987873
cg04148640	0.95016637	0.97648522	0.9655567	0.9509666	0.95080557	0.94598854	0.95536382	0.07660125	0.9501833	0.95869133	0.91871444	0.93081824
cg01355027	0.90876944	0.94131866	0.97531289	0.9158581	0.96521207	0.91408099	0.95881925	0.0495637	0.9458689	0.9421348	0.89218411	0.90969158
cg15301710	0.96095418	0.9792118	0.9789015	0.9689579	0.97309292	0.97652224	0.97368988	0.02540284	0.9706329	0.97081105	0.84277483	0.98083773
cg01511347	0.87157765	0.97151938	0.95595541	0.9802947	0.97520727	0.97419022	0.96167645	0.06302571	0.95331817	0.9479597	0.9311051	0.96965385
cg17960717	0.95241483	0.97524112	0.97507893	0.9804895	0.97271149	0.97414302	0.97111352	0.09989879	0.96281603	0.96759442	0.89338639	0.97108842
cg00006459	0.83262055	0.92967717	0.97700142	0.9348842	0.96682755	0.94177224	0.96450223	0.02785286	0.94440378	0.92219082	0.89273329	0.9536937
cg15873326	0.94645928	0.92985198	0.97454998	0.9363398	0.96161487	0.90999067	0.96126321	0.0675526	0.96089118	0.94230499	0.92170345	0.91248735
cg11668148	0.93664969	0.94651921	0.94234334	0.8647245	0.90659073	0.85301435	0.90627041	0.02831505	0.9257033	0.9256808	0.84123165	0.83165512
cg09596645	0.92696456	0.88068334	0.95460404	0.9187469	0.93636101	0.89083465	0.94577305	0.05457988	0.9556357	0.94200925	0.89725714	0.80592558
cg08538069	0.81977545	0.92862419	0.97869237	0.8785429	0.96209938	0.88090517	0.94629313	0.01872976	0.95837772	0.93475799	0.87685391	0.83930646
cg02233915	0.83896199	0.93115252	0.96795036	0.9433891	0.96553374	0.91263708	0.97045827	0.03043452	0.88972018	0.92403048	0.89686294	0.9134189
cg22106847	0.97446464	0.97570103	0.95999852	0.9755618	0.98089516	0.9726608	0.98156522	0.09670543	0.95483781	0.95614882	0.85595047	0.98192845
cg07033790	0.92595348	0.96739681	0.97310136	0.967977	0.9695074	0.96025193	0.97205304	0.125497	0.95747088	0.94118082	0.8999125	0.95129151
cg05840984	0.84322957	0.97081082	0.97637241	0.974826	0.97509074	0.97675364	0.96981935	0.06345188	0.9599784	0.94686238	0.91371891	0.97789958
cg10220104	0.8625358	0.97632468	0.98279819	0.953132	0.97085869	0.94369585	0.96790109	0.04539631	0.96312206	0.94706929	0.92439222	0.91990816
cg17030380	0.81428173	0.97250961	0.98148047	0.9449225	0.96745439	0.93750786	0.9803158	0.01784161	0.97128146	0.95746586	0.81845539	0.87328061
cg02803925	0.95928405	0.97593379	0.96936453	0.9465336	0.97823398	0.96854907	0.98288518	0.03722941	0.97232169	0.96989769	0.84768375	0.97834572
cg14084609	0.94736829	0.95996867	0.96850178	0.9406273	0.9570366	0.96040699	0.97345313	0.09441926	0.96825348	0.96100618	0.93027553	0.94340942
cg16909341	0.81849445	0.84524962	0.91637864	0.9169889	0.95274935	0.83266898	0.94107384	0.03591735	0.89126191	0.89056578	0.82938266	0.89385355
cg05736642	0.96042506	0.97909493	0.97765415	0.9789566	0.96580031	0.96912142	0.96418197	0.04033428	0.96912982	0.96751386	0.85439332	0.96868291
cg13531735	0.84035539	0.97607554	0.97914425	0.980835	0.98102317	0.96747135	0.95317027	0.07342841	0.84993631	0.97153052	0.90733472	0.96798514
cg01404879	0.85477793	0.95374504	0.97621689	0.9466774	0.96094654	0.91687711	0.95665292	0.09297486	0.95089419	0.93980572	0.88288319	0.90711724
cg21503771	0.83629258	0.96687127	0.94668549	0.9425651	0.9489289	0.95725671	0.92698396	0.03533673	0.93334591	0.93368966	0.88645379	0.91082373
cg15662508	0.92678077	0.97072763	0.96453408	0.9587296	0.95053794	0.95547498	0.94829272	0.0221681	0.94514727	0.89987942	0.781079	0.95221028
cg05906696	0.85457269	0.971177	0.94891886	0.9751486	0.97534551	0.96558345	0.95195481	0.0600955	0.95984506	0.85654375	0.89986911	0.97463556
cg09803743	0.96890239	0.9399833	0.97328572	0.9495048	0.96407715	0.91349008	0.95685112	0.03263187	0.95281317	0.94980498	0.82147088	0.92508901
cg12910830	0.80565424	0.96130625	0.94592287	0.962631	0.95427647	0.97076245	0.96844001	0.03784662	0.95639367	0.95866641	0.87994775	0.97766279
cg15090899	0.96976067	0.96329335	0.95347969	0.9805251	0.98047324	0.97962034	0.97194346	0.02030667	0.93679626	0.80675737	0.77118312	0.97975007
cg22034357	0.78589073	0.94959324	0.92884808	0.8706784	0.9297362	0.81394485	0.91479867	0.03433255	0.87084621	0.89325958	0.80359005	0.81792113
cg17105176	0.83774124	0.97314623	0.96754058	0.9638615	0.95850173	0.95528307	0.95283084	0.03890935	0.95688195	0.96122971	0.90665226	0.95192968
cg24732344	0.95524906	0.96241126	0.95215609	0.9829496	0.96841061	0.97441341	0.97796843	0.1081269	0.93910318	0.96032446	0.94277393	0.97708361
cg15997319	0.83840815	0.96995164	0.98265642	0.9676272	0.97894299	0.95259734	0.96046597	0.02419772	0.93705971	0.95065598	0.80345691	0.98461254
cg09010228	0.84489999	0.88164547	0.97399496	0.9392062	0.97048458	0.91045851	0.96290448	0.04454205	0.87564466	0.93487862	0.78223192	0.94864293
cg11262246	0.83741256	0.96030152	0.95935596	0.9724912	0.97406164	0.96863981	0.96834168	0.03039159	0.955268	0.94852406	0.77364328	0.9597326
cg05089849	0.91074655	0.90905825	0.95730713	0.9270204	0.97305241	0.90067586	0.97064062	0.14822187	0.94897407	0.9484288	0.88839101	0.85234015
cg22954836	0.94884352	0.94180624	0.9512164	0.9682569	0.96087331	0.96199409	0.95778852	0.06097888	0.96320724	0.96141094	0.85326687	0.93228442
cg02179849	0.92047356	0.95481288	0.95603032	0.9504493	0.9464452	0.89838921	0.94745106	0.02482822	0.93505898	0.92175912	0.80877704	0.95471842
cg25293601	0.93887845	0.96545571	0.97157205	0.9846718	0.98335422	0.98156202	0.97995914	0.04330076	0.87872495	0.96578994	0.83537195	0.98469562
cg24057263	0.95254111	0.96758777	0.94907216	0.9532346	0.9605032	0.95551639	0.96242365	0.01828247	0.72633638	0.902485	0.76840731	0.96047619
cg01048814	0.93757855	0.97586672	0.96476946	0.9650718	0.96161872	0.96069727	0.96313741	0.2054731	0.95972903	0.95619553	0.9091032	0.96127501
cg08077807	0.73459613	0.97232371	0.97211326	0.9542028	0.9621631	0.92306233	0.952712	0.02408354	0.95998316	0.86681698	0.92054218	0.91831818
cg00637085	0.90929375	0.93402598	0.97171566	0.9418924	0.96805769	0.9493734	0.96710988	0.12449659	0.95352066	0.94770505	0.8752452	0.86759683
cg17542165	0.82135682	0.95871437	0.97484082	0.9763486	0.96978403	0.97450103	0.97835918	0.01760571	0.97373596	0.93073736	0.89236495	0.97566389
cg13123707	0.85791717	0.96168324	0.96564048	0.9556547	0.96451404	0.95574783	0.96096174	0.04047335	0.9612951	0.96008276	0.89927296	0.95014196
cg26156120	0.89482777	0.95807886	0.95614592	0.9694096	0.96381342	0.96061838	0.95736752	0.1723728	0.9291129	0.95692648	0.88873223	0.95568031
cg18852698	0.86438422	0.94351455	0.94625556	0.9380056	0.92391612	0.91570211	0.91109676	0.10809007	0.94049818	0.92831014	0.8713547	0.91348411
cg18629096	0.97470802	0.96561761	0.93648672	0.9779037	0.97393427	0.95890211	0.96924492	0.97510949	0.95400482	0.06047355	0.92651126	0.98091633
cg27274718	0.95321588	0.96606816	0.95944255	0.9608984	0.94811448	0.94453281	0.9515483	0.94826674	0.94342843	0.08376421	0.93969104	0.95559636
cg05875239	0.94480172	0.89407107	0.89542556	0.9518836	0.96520473	0.91641801	0.96238592	0.93143313	0.91256939	0.0639511	0.92187547	0.93369797
cg13617280	0.89497364	0.92907681	0.96552727	0.9750802	0.97148766	0.92735084	0.95910084	0.94019806	0.95466741	0.07248001	0.89801053	0.96307238
cg24410690	0.96102824	0.95625546	0.97659725	0.9866818	0.98768906	0.96914827	0.9860635	0.96931623	0.947451	0.13048922	0.93525422	0.96825914
cg05355684	0.95948171	0.97079334	0.97660362	0.9437436	0.95137613	0.89709088	0.94560986	0.95484914	0.96260638	0.08182147	0.94375819	0.91591185
cg18584272	0.9790271	0.98106684	0.98068549	0.9799589	0.98187889	0.9395419	0.96441023	0.98383368	0.97309183	0.15271571	0.96742829	0.97010721
cg18546155	0.96490063	0.96846378	0.95619639	0.9582256	0.95565484	0.84297622	0.94847884	0.96762377	0.96311869	0.11573101	0.96232194	0.97365479
cg26275360	0.94395287	0.8623907	0.93467346	0.8935337	0.94844942	0.79610899	0.93211345	0.95291072	0.93638823	0.06233222	0.94380534	0.90577883
cg14563201	0.96034771	0.89020422	0.96060288	0.950376	0.97748441	0.86887989	0.95480858	0.96927575	0.9628179	0.11219705	0.95203019	0.91910547
cg08326410	0.95946171	0.96895334	0.97166214	0.9530355	0.94499917	0.89844781	0.94324656	0.97172265	0.96609014	0.08256463	0.95771342	0.96302994
cg02855870	0.94561743	0.97192808	0.95410172	0.9669042	0.93899835	0.95614658	0.94355167	0.95774185	0.95111754	0.17568146	0.93695613	0.96333144
cg15956469	0.96632749	0.95988221	0.96099507	0.9591687	0.95128127	0.86841282	0.92681337	0.95505428	0.95021825	0.1256344	0.93599085	0.93649875
cg27040968	0.94935065	0.89959711	0.90964447	0.9178017	0.93234276	0.88915473	0.89726364	0.96332097	0.92043727	0.11655823	0.91942636	0.8736732
cg10206039	0.93758882	0.96059771	0.95423046	0.9541533	0.92571064	0.94411626	0.94450144	0.95139838	0.94963241	0.20767285	0.9436933	0.94278807
cg09932794	0.95385832	0.95219712	0.96772676	0.9660628	0.96567865	0.87667569	0.94636117	0.96928224	0.94662122	0.13165746	0.93989095	0.95884026
cg09304968	0.94006631	0.95882442	0.95538249	0.9454047	0.92999769	0.92038426	0.93515042	0.96194612	0.95198371	0.18407964	0.94199571	0.92957948
cg00949861	0.87479598	0.88704802	0.93398227	0.9214242	0.95248927	0.81247154	0.9445428	0.89100811	0.90427194	0.0592646	0.8888823	0.90995182
cg02847139	0.94854707	0.97620639	0.97224085	0.9701334	0.97537248	0.96654023	0.96571887	0.95004781	0.95738963	0.20076234	0.94705719	0.96889959
cg25386954	0.92177781	0.91337117	0.9430647	0.9275794	0.93111205	0.83545171	0.93735977	0.89693271	0.91411731	0.1229479	0.90659208	0.93320225
cg04737115	0.96589294	0.97281167	0.97231095	0.9816137	0.96346617	0.93919535	0.95956745	0.9679446	0.96110861	0.19809415	0.96448914	0.98748081
cg03368758	0.94913864	0.9262614	0.94894927	0.9732528	0.96816731	0.96568279	0.94777025	0.90967274	0.92772942	0.19894492	0.92009595	0.94774638
cg14058851	0.74804345	0.97071346	0.95803245	0.9612564	0.94178298	0.92937162	0.94115024	0.88039342	0.83716546	0.0640506	0.78325859	0.94234454
cg23369683	0.89243719	0.98210194	0.95210463	0.9753014	0.98879306	0.94418609	0.97013943	0.95185005	0.95345752	0.21691319	0.93971379	0.9813382
cg14047092	0.970315	0.96987163	0.96961785	0.9185707	0.94491667	0.73615431	0.92427209	0.9710509	0.95561746	0.06177844	0.94366475	0.90503895
cg27495654	0.9406683	0.95549063	0.9512538	0.9303311	0.91584296	0.84913331	0.91092478	0.94346541	0.93518813	0.12459406	0.93250804	0.92227225
cg22829007	0.96692757	0.98020149	0.9707429	0.9798488	0.96604954	0.96701455	0.96471208	0.97378526	0.96260439	0.24572996	0.95683399	0.97268738
cg16995933	0.84145885	0.86178328	0.96516157	0.9230108	0.96833198	0.78872594	0.93761081	0.87027265	0.92077075	0.07421437	0.8486473	0.91877059
cg01416168	0.96128805	0.95441395	0.97787452	0.9479149	0.96508415	0.77879043	0.96853633	0.9623979	0.95621671	0.10532324	0.95607863	0.93413873
cg08530578	0.92275321	0.94287197	0.88746545	0.9400488	0.9119969	0.93022118	0.91604344	0.90697089	0.93820361	0.1384172	0.92146783	0.93259911
cg07543798	0.97510035	0.9832734	0.97867204	0.9796705	0.97651184	0.97620501	0.97309633	0.98542577	0.9743906	0.25418032	0.96892051	0.98277876
cg12851731	0.94119378	0.94995532	0.92306149	0.9567936	0.93611997	0.92738742	0.91633166	0.9448243	0.94159959	0.21958316	0.93082481	0.924555
cg15646529	0.87532278	0.96822019	0.9157686	0.9657462	0.95960971	0.90194672	0.95860402	0.92679123	0.85083366	0.11769457	0.85408386	0.97559425
cg03538296	0.97394949	0.95656177	0.95500399	0.9512103	0.97239577	0.79901094	0.94581309	0.96906057	0.96338088	0.05015548	0.956133	0.93909912
cg13257250	0.98137771	0.9627772	0.95398345	0.9758799	0.95938292	0.87003898	0.96128216	0.97569394	0.97209581	0.13597638	0.96975611	0.97405004
cg17211761	0.89390659	0.89382412	0.89303666	0.9096035	0.90450091	0.8675387	0.9072226	0.91646466	0.8856106	0.14868113	0.89385707	0.85657596
cg18948661	0.94856107	0.91401421	0.95247038	0.864528	0.93259882	0.83633164	0.89915826	0.95792689	0.94868679	0.10830229	0.91876938	0.89035498
cg13598219	0.93124868	0.97423463	0.98449236	0.9810885	0.98196353	0.93682618	0.97547758	0.92528293	0.95517214	0.29409378	0.94998792	0.98326612
cg22668643	0.9809086	0.97568691	0.97501445	0.9753678	0.97333884	0.94599212	0.96607772	0.97916222	0.97667837	0.30606118	0.97050173	0.98000587
cg09134152	0.93380789	0.90828716	0.93779154	0.9205817	0.91747196	0.84390009	0.90587607	0.9346848	0.89585837	0.19763533	0.92001784	0.91538534
cg21180201	0.84113845	0.75916281	0.94321626	0.8740079	0.9366306	0.81705752	0.95197379	0.90086454	0.92757035	0.06816773	0.91577011	0.93002812
cg08907176	0.96591187	0.9697642	0.95886099	0.9630555	0.9581838	0.96080568	0.96523879	0.88893045	0.95573491	0.24410244	0.94012865	0.96390671
cg03559700	0.92193604	0.88066774	0.94628965	0.8808786	0.92238485	0.81569701	0.91516993	0.93854252	0.92522709	0.13058919	0.93192944	0.82689849
cg21275838	0.93013554	0.9497212	0.95017954	0.9787473	0.96986152	0.96072183	0.96561775	0.9514071	0.95130173	0.2378477	0.95253751	0.97010758
cg05508074	0.90474316	0.95040996	0.97163241	0.9456555	0.96452873	0.91979355	0.96563867	0.9515318	0.94172085	0.23792914	0.93059215	0.93021239
cg18857340	0.98661935	0.98712275	0.9822609	0.9838119	0.97586014	0.97747794	0.98000366	0.98072676	0.97822491	0.27541573	0.97250774	0.97998267
cg12973514	0.98860248	0.97702474	0.98471581	0.9868406	0.98903338	0.95481079	0.97883002	0.9867084	0.9753845	0.29643659	0.97778216	0.98862923
cg16360310	0.83577553	0.84536951	0.90878377	0.8945296	0.88132752	0.84370982	0.89280967	0.81917945	0.90104714	0.15008811	0.84763324	0.85743422
cg24137511	0.96382642	0.9745272	0.97530845	0.9610364	0.96586885	0.92527503	0.96110631	0.97801524	0.96913364	0.25819692	0.96125588	0.95810952
cg16316183	0.82578296	0.94976277	0.96892315	0.9686047	0.96913543	0.91627715	0.9533794	0.8724315	0.91779738	0.07782805	0.75636232	0.96495401
cg25600606	0.96890332	0.98336895	0.97511191	0.9760924	0.97543042	0.97541407	0.96489081	0.88635327	0.93393557	0.96377133	0.11233098	0.97403312
cg18646784	0.97684516	0.98376829	0.9855615	0.9783388	0.98628686	0.977718	0.9822882	0.93802149	0.93605775	0.96913641	0.1346392	0.97820101
cg05956380	0.97870073	0.98438252	0.98757961	0.9856185	0.98819534	0.98666115	0.98179683	0.91130832	0.96641133	0.97385559	0.14720799	0.9902218
cg16683571	0.96561994	0.97723626	0.97080258	0.9723206	0.97845427	0.97203818	0.95974554	0.90405972	0.95650025	0.9667345	0.1710939	0.97913101
cg18330536	0.97458134	0.98495495	0.98466196	0.9631479	0.96390081	0.9609825	0.950247	0.88747787	0.85413529	0.96528473	0.1188815	0.96940102
cg17781418	0.96388276	0.96956053	0.96393738	0.9779807	0.96350446	0.9809344	0.98112451	0.9244565	0.95537547	0.9610635	0.12793331	0.98209695
cg13468144	0.97801999	0.98103774	0.96197365	0.917697	0.93607292	0.94538286	0.95145893	0.86029786	0.96341474	0.95792858	0.08696286	0.95308018
cg26849760	0.95665407	0.94863464	0.96511811	0.932602	0.94979533	0.90731981	0.94155953	0.93246493	0.85322115	0.95095445	0.09516552	0.91702331
cg23338668	0.94262917	0.97164043	0.96924781	0.8985949	0.95927196	0.90308358	0.95216587	0.95550061	0.92580679	0.96222777	0.1170969	0.93194014
cg13155300	0.95739491	0.96564832	0.96564589	0.9528627	0.94727246	0.95245205	0.91889632	0.86113334	0.95096747	0.9542708	0.12389311	0.94054789
cg24392753	0.96080285	0.98063075	0.97702262	0.9698998	0.96149665	0.9725409	0.97117078	0.95820903	0.88328029	0.96324514	0.11852125	0.97048495
cg22400420	0.94834723	0.94819848	0.94541502	0.9348518	0.94164659	0.89702441	0.94736242	0.92995926	0.92784414	0.92531083	0.13927728	0.90053118
cg10934870	0.9631062	0.88770515	0.95909693	0.9005173	0.90395244	0.89047332	0.9263996	0.96704204	0.87573293	0.93781582	0.12440881	0.91575239
cg14095610	0.98804879	0.98451749	0.98102965	0.9841749	0.98801667	0.97303085	0.97523478	0.9406933	0.96273996	0.97927093	0.25445401	0.98400327
cg01923724	0.94606406	0.91046538	0.96048654	0.9121539	0.93341338	0.89505653	0.92539229	0.87909337	0.91660898	0.90547726	0.1348821	0.9109584
cg06500418	0.95238768	0.95422597	0.96685337	0.9209474	0.95761609	0.94775323	0.95585202	0.9294886	0.89076371	0.9471697	0.10766969	0.91289579
cg04179951	0.9649075	0.95044527	0.96769515	0.9393311	0.96122609	0.93808401	0.9490612	0.90834512	0.93686971	0.95200556	0.15613276	0.94158785
cg16597887	0.93264239	0.92932543	0.94769956	0.9063798	0.93654307	0.88899614	0.92081081	0.9362392	0.84640196	0.93336407	0.14042501	0.84552593
cg04036920	0.97267733	0.97934051	0.97892071	0.964635	0.97503461	0.94632465	0.96262793	0.95426924	0.91155481	0.96150403	0.23004098	0.97330431
cg15715903	0.91488254	0.96022119	0.96290316	0.9516492	0.93719782	0.93660726	0.93229057	0.88655792	0.8348074	0.92690226	0.09392061	0.9444147
cg01701207	0.97603621	0.97226421	0.95963746	0.975398	0.95949442	0.98090578	0.96066598	0.89716262	0.90720179	0.95855935	0.13550983	0.97754911
cg08218512	0.96764461	0.98649637	0.99109164	0.9775462	0.98618115	0.96241829	0.98175133	0.91724591	0.96678182	0.95985749	0.1857872	0.98156456
cg07619820	0.94541305	0.95242767	0.95406507	0.9578025	0.96574657	0.93787516	0.93785569	0.80433896	0.92281496	0.94994902	0.11490234	0.97111258
cg01699630	0.95613074	0.94541859	0.96033869	0.9271728	0.93321524	0.8968634	0.92512895	0.80309618	0.94617243	0.93857428	0.11677864	0.92702062
cg25790531	0.94774661	0.96133295	0.94267981	0.9308464	0.95010997	0.93814925	0.93022633	0.89644752	0.91169341	0.9155564	0.18358413	0.91408977
cg19619956	0.88681997	0.93980981	0.96710857	0.9267835	0.93398547	0.91047395	0.93287998	0.83570154	0.92467179	0.93180645	0.18670306	0.90866229
cg26396370	0.90778566	0.94473363	0.9497065	0.9660857	0.90001897	0.9546575	0.8929839	0.80642772	0.83450056	0.93138691	0.15137413	0.96639135
cg05170732	0.96906054	0.9457225	0.97396761	0.9294031	0.96774155	0.85875789	0.95617659	0.94500369	0.78964265	0.96347343	0.11508135	0.88428501
cg08091050	0.86484068	0.89187626	0.93805092	0.944229	0.93713928	0.93312675	0.92976457	0.87228451	0.82789188	0.90102789	0.18082001	0.88435366
cg09622624	0.95451573	0.92449194	0.97458353	0.8759836	0.96287146	0.83024493	0.93555505	0.93885888	0.91357179	0.9392894	0.15167889	0.78360559
cg02379348	0.94124961	0.94139292	0.9291031	0.9468517	0.94328573	0.94458393	0.95215305	0.88965489	0.83438726	0.93234718	0.13667307	0.93157349
cg25576801	0.92115397	0.9186298	0.94867163	0.8559551	0.95903484	0.81004067	0.9109907	0.89668151	0.92781409	0.9011486	0.09432592	0.81316648
cg27393431	0.98062032	0.9485058	0.97335147	0.9754468	0.9816795	0.97331472	0.98348277	0.94925137	0.95884328	0.97156778	0.32304261	0.98961206
cg09601944	0.94853669	0.97223405	0.96837126	0.9553438	0.96492534	0.91197734	0.95809767	0.81559498	0.79356028	0.93956326	0.12035133	0.95613174
cg24131359	0.90654596	0.93626092	0.92785188	0.9383585	0.9351014	0.9198753	0.92939335	0.91301331	0.91027905	0.91185433	0.21681198	0.94768819
cg26979142	0.94187232	0.96735259	0.97589929	0.9666383	0.9651455	0.95015374	0.96268182	0.76370603	0.86416858	0.95975355	0.11840767	0.94487568
cg04682832	0.92130515	0.95873766	0.97170762	0.9519782	0.95502185	0.95139451	0.94983141	0.81598565	0.91518096	0.94866997	0.17640369	0.9321684
cg25757820	0.95800469	0.96688135	0.9690212	0.9552673	0.94066087	0.96635292	0.95440677	0.89360986	0.7830309	0.94999541	0.1564866	0.9620372
cg26789411	0.96899046	0.91271327	0.95809408	0.9271089	0.95792301	0.90148182	0.9594264	0.96800665	0.94792727	0.94468578	0.23383939	0.89219928
cg17331920	0.97769599	0.97360086	0.96174232	0.8924587	0.91339402	0.95704939	0.9685138	0.97064913	0.97278394	0.96774477	0.18169982	0.94853727
cg00434123	0.74505428	0.95896358	0.9598233	0.9376601	0.95231078	0.93932686	0.94057856	0.77989516	0.8192042	0.94846186	0.11648367	0.93704788
cg16107565	0.97485809	0.98665241	0.97604738	0.9781979	0.9646503	0.97932014	0.95876935	0.95167546	0.85094882	0.97346716	0.23085823	0.98339038
cg23911433	0.92678252	0.88633639	0.94888566	0.8853295	0.95788301	0.83711729	0.95367508	0.90575018	0.8769205	0.8934483	0.10646053	0.74749445
cg12578084	0.93070129	0.98296137	0.93677529	0.9766536	0.95209564	0.9672523	0.9605338	0.95879226	0.83382644	0.96740223	0.16446553	0.95942852
cg15810023	0.96081061	0.94289596	0.96715303	0.9434584	0.95263293	0.76761799	0.94052804	0.95276599	0.87550618	0.93728368	0.13416304	0.92560527
cg08771884	0.9476232	0.94602371	0.96589978	0.9174775	0.93968346	0.85555406	0.93292428	0.77333091	0.82826575	0.94273528	0.15197957	0.93978839
cg07993518	0.93336167	0.92760742	0.9600566	0.9111637	0.93398595	0.84916105	0.92511033	0.6842424	0.85296178	0.91864678	0.08722201	0.87833241
cg20030158	0.97834581	0.98020568	0.97504804	0.9784555	0.98014268	0.98246507	0.96614988	0.72310084	0.96658865	0.97222654	0.09253801	0.96308278
cg20077668	0.94933496	0.9695027	0.96855035	0.9694339	0.9489351	0.97307859	0.95181102	0.7474961	0.95098745	0.96555511	0.16697172	0.96568003
cg27646850	0.95302006	0.97098185	0.982235	0.9708984	0.97184519	0.95226979	0.95913427	0.94056254	0.78300385	0.93753187	0.12041534	0.95825413
cg15173892	0.96618845	0.92539538	0.97129162	0.9777362	0.96261438	0.96137657	0.95833147	0.95781588	0.07801308	0.96155715	0.94971587	0.96986801
cg07617198	0.94037588	0.97452807	0.97825039	0.9758616	0.96443796	0.95939055	0.97823316	0.95703966	0.05023055	0.96379188	0.87532515	0.97537059
cg10480329	0.97145581	0.95047038	0.96943447	0.980707	0.96960703	0.97952049	0.97847599	0.91993055	0.0653587	0.97205355	0.87024072	0.97796612
cg20374292	0.96005994	0.96522261	0.96252287	0.9761378	0.95301961	0.96738693	0.9682907	0.94634193	0.07213407	0.96043162	0.93687079	0.97370679
cg00771778	0.9661616	0.98014768	0.97257322	0.9769757	0.96957644	0.93235227	0.96927641	0.96658696	0.0821024	0.97028297	0.89229562	0.97850965
cg18066690	0.98270995	0.96982562	0.9841491	0.9776376	0.97210793	0.98439552	0.9777257	0.9827485	0.14052394	0.96871822	0.95822541	0.98191519
cg02647842	0.93145376	0.92204384	0.9353233	0.9341168	0.8996922	0.93766673	0.93494945	0.94135718	0.07396192	0.93990358	0.89641912	0.93955334
cg20290017	0.95407468	0.96259956	0.97129113	0.9663749	0.96261297	0.95977599	0.9572954	0.9715107	0.14968986	0.96143699	0.92980465	0.97016757
cg02244028	0.95847489	0.95964858	0.96724139	0.9588959	0.93465948	0.93410324	0.94227367	0.95256203	0.10821782	0.9422732	0.89825622	0.93799931
cg06636137	0.97587289	0.97501538	0.97649608	0.9838756	0.97174906	0.9813809	0.97033922	0.97770996	0.11065341	0.95932444	0.93676033	0.98085046
cg25605773	0.92264063	0.93409251	0.92765004	0.9321655	0.92266849	0.87981168	0.918248	0.92888145	0.10386183	0.89496809	0.90865394	0.89774784
cg22675702	0.91740431	0.8491689	0.91494598	0.9357754	0.91512187	0.91997488	0.89101427	0.85242372	0.0659687	0.92834632	0.87234621	0.91770603
cg08844422	0.95121624	0.97433453	0.97641967	0.9630605	0.96060521	0.93485021	0.96337746	0.96053911	0.08554682	0.95428514	0.87293138	0.95416117
cg26872907	0.93154132	0.93796381	0.94340345	0.9676477	0.93813436	0.94853947	0.94622819	0.95621865	0.05549161	0.93575407	0.93370457	0.96139436
cg23244761	0.95846002	0.97260971	0.97418218	0.9698582	0.97477231	0.97291201	0.98371681	0.96817284	0.10380519	0.96056758	0.95506988	0.97998438
cg23373670	0.96447308	0.97026993	0.97730339	0.949145	0.98350366	0.96506938	0.97917728	0.95574088	0.08707645	0.95895341	0.91863652	0.94627632
cg14172797	0.95191169	0.93427893	0.96440278	0.9143436	0.9631349	0.93528164	0.9585946	0.94509817	0.10933146	0.96726634	0.88838403	0.88089109
cg26201751	0.95462042	0.93762551	0.96624593	0.947778	0.95082297	0.94256803	0.95289411	0.96000835	0.09428167	0.936878	0.95129995	0.92164375
cg02290460	0.92640958	0.95988817	0.96115489	0.9397363	0.93108317	0.93327887	0.93134087	0.94615592	0.12554234	0.91810677	0.9020605	0.94132659
cg18356337	0.95770674	0.97659269	0.98160312	0.9665753	0.97338935	0.97269234	0.96599783	0.93312928	0.16768733	0.97279738	0.94524638	0.93580724
cg00908794	0.96116816	0.9329398	0.97783411	0.9732182	0.98222528	0.95135677	0.97836069	0.84504977	0.0698397	0.97360938	0.87801818	0.96695359
cg08965078	0.8827289	0.88937851	0.92223444	0.915624	0.89082638	0.85079029	0.87229338	0.93271031	0.08849757	0.88747143	0.85340376	0.90403658
cg16636767	0.97277198	0.89306496	0.96647653	0.9847029	0.96680881	0.98600216	0.97112738	0.96621985	0.08429978	0.95428796	0.94052993	0.97719162
cg09592164	0.96214728	0.89165455	0.9690681	0.9368723	0.97406615	0.92475564	0.96742951	0.96200395	0.10007989	0.92168092	0.96429327	0.91878769
cg17195809	0.93340335	0.95263754	0.96222099	0.9243141	0.9555491	0.90954341	0.93270514	0.91560183	0.0932218	0.92430226	0.85655133	0.84222939
cg19336573	0.97482952	0.96535816	0.98222986	0.9612458	0.98084786	0.95676554	0.973342	0.96396409	0.15534806	0.95669834	0.95276103	0.96075698
cg03135975	0.9418527	0.95127424	0.953991	0.9334522	0.94120713	0.94456661	0.94338624	0.96190607	0.13860286	0.94660541	0.94125263	0.9193403
cg05065075	0.9742573	0.97335015	0.97420774	0.9746178	0.97173323	0.94239778	0.96390453	0.94820757	0.16173172	0.96117211	0.88382466	0.97351711
cg01407558	0.81309797	0.82488167	0.88140624	0.9550987	0.95069361	0.96898967	0.9494592	0.94758758	0.07409405	0.96419315	0.87355295	0.94884991
cg08097676	0.94298759	0.89684418	0.9564279	0.9250148	0.95987429	0.92656283	0.93183476	0.94924469	0.13202114	0.95433261	0.90460869	0.93831594
cg23312369	0.94452219	0.95230725	0.96658672	0.9267594	0.9548815	0.90400356	0.9553368	0.9500938	0.12999337	0.93827547	0.95091296	0.93965532
cg11620863	0.96165506	0.94112024	0.94444929	0.9783182	0.97388636	0.96776248	0.9732937	0.94847595	0.11203445	0.9390127	0.85804077	0.94503292
cg10624395	0.91341563	0.89045112	0.96036992	0.9168176	0.96073508	0.92730109	0.96564491	0.94403679	0.09214187	0.96409363	0.94724465	0.89784268
cg03556458	0.87812286	0.83914883	0.94368019	0.8652198	0.8929049	0.78331357	0.84325206	0.89867492	0.07182812	0.85332749	0.8560997	0.7562322
cg14116399	0.96620294	0.96664432	0.96312978	0.9634001	0.95352721	0.9545932	0.96068083	0.95751768	0.21513281	0.95764563	0.89911012	0.96152241
cg19501306	0.94191291	0.89427615	0.94639426	0.978005	0.96754083	0.96034202	0.96336814	0.95697888	0.14521033	0.93585464	0.857284	0.97437385
cg02007480	0.7481948	0.8637971	0.90973719	0.7957578	0.88832477	0.78962423	0.88898611	0.85845791	0.04379217	0.88622772	0.8469904	0.7539816
cg23950707	0.83079854	0.87648708	0.89606903	0.9069051	0.89861163	0.87715096	0.90113285	0.7931187	0.05069648	0.87271812	0.74424831	0.90783494
cg14458725	0.93954064	0.82370121	0.84317464	0.9394911	0.95082126	0.92684378	0.95061499	0.84125409	0.16820041	0.93033517	0.88979764	0.91872793
cg14898005	0.97921559	0.97319348	0.96404222	0.9758598	0.97591913	0.97328372	0.97603702	0.98213093	0.29810099	0.97492419	0.96602621	0.95041467
cg01950767	0.96679236	0.95257203	0.98250086	0.9572673	0.97709549	0.95948928	0.9726637	0.96767542	0.08426381	0.97260393	0.83631804	0.96367172
cg18844042	0.98239302	0.97030408	0.98177855	0.9871228	0.98334272	0.98302609	0.97920463	0.98634784	0.07859392	0.9805616	0.76111239	0.98920092
cg05923857	0.83992081	0.90868821	0.9306731	0.8398268	0.80608592	0.83866756	0.87509902	0.83166932	0.10260989	0.9218699	0.79736453	0.8775022
cg01842756	0.95999501	0.9024014	0.97090402	0.9266455	0.95372742	0.89989857	0.95390311	0.96197622	0.08818323	0.95160659	0.88753244	0.88749197
cg03963853	0.94760379	0.96891309	0.97216153	0.9657367	0.9671151	0.95321153	0.92483823	0.96244693	0.21513236	0.92473835	0.92679044	0.97006293
cg11183587	0.82669819	0.69478597	0.93494459	0.7735265	0.94433522	0.75656707	0.91942803	0.81986734	0.03866866	0.8363209	0.76865199	0.7486648
cg21185441	0.91396028	0.88524433	0.95481246	0.9299571	0.93848735	0.86913032	0.93460802	0.9458073	0.11444141	0.93659609	0.9329788	0.90445022
cg02647748	0.95186012	0.97029073	0.96981861	0.9647284	0.95030974	0.95444901	0.95806033	0.9388421	0.07507732	0.95962679	0.77464822	0.93323761
cg14806960	0.87889569	0.82433554	0.90119779	0.8798462	0.94526631	0.84699841	0.94123878	0.85642962	0.10475789	0.79624519	0.77559683	0.75227785
cg04851465	0.94063888	0.96571665	0.94998767	0.9728027	0.96282556	0.95168164	0.93298073	0.87585088	0.15579708	0.94289704	0.83751345	0.95826006
